car_id,Brand,Model,Year,Color,Mileage,Price
1,Toyota,Camry,2018,White,45000,18000
2,Honda,Civic,2019,Blue,35000,16000
3,Ford,Focus,2017,Silver,55000,14000
4,Chevrolet,Cruze,2016,Red,60000,12000
5,Hyundai,Elantra,2018,Black,40000,15000
6,Toyota,Corolla,2020,Gray,25000,19000
7,Honda,Accord,2019,White,30000,18000
8,Ford,Mustang,2015,Yellow,65000,22000
9,Chevrolet,Impala,2017,Black,55000,16000
10,Hyundai,Sonata,2016,Blue,50000,14000
11,Toyota,Rav4,2017,Gray,55000,19000
12,Honda,CR-V,2020,Red,30000,23000
13,Ford,Escape,2019,White,40000,21000
14,Chevrolet,Equinox,2018,Black,45000,18000
15,Hyundai,Kona,2019,Blue,35000,20000
16,Toyota,Highlander,2016,Silver,60000,25000
17,Honda,Pilot,2017,Gray,55000,24000
18,Ford,Explorer,2018,White,50000,23000
19,Chevrolet,Traverse,2020,Black,35000,28000
20,Hyundai,Santa Fe,2019,Red,40000,25000
21,Toyota,4Runner,2015,Silver,70000,27000
22,Honda,Odyssey,2016,White,55000,22000
23,Ford,Edge,2017,Blue,50000,21000
24,Chevrolet,Tahoe,2018,Black,45000,26000
25,Hyundai,Palisade,2019,Silver,30000,29000
26,Toyota,Sienna,2020,Red,35000,27000
27,Honda,Fit,2017,Gray,55000,12000
28,Ford,Fusion,2018,White,50000,15000
29,Chevrolet,Malibu,2019,Blue,40000,17000
30,Hyundai,Venue,2016,Silver,60000,14000
31,Toyota,Yaris,2017,Black,55000,12000
32,Honda,HR-V,2018,White,50000,15000
33,Ford,EcoSport,2019,Red,40000,17000
34,Chevrolet,Spark,2020,Blue,35000,14000
35,Hyundai,Accent,2015,Silver,70000,12000
36,Toyota,Prius,2016,Gray,55000,15000
37,Honda,Civic,2017,White,50000,17000
38,Ford,Fiesta,2018,Blue,40000,14000
39,Chevrolet,Cruze,2019,Black,45000,16000
40,Hyundai,Elantra,2020,Red,35000,18000
41,Toyota,Camry,2017,Silver,60000,19000
42,Honda,Accord,2018,White,50000,18000
43,Ford,Mustang,2019,Blue,40000,22000
44,Chevrolet,Camaro,2020,Red,35000,25000
45,Hyundai,Genesis,2015,Black,70000,18000
46,Toyota,Avalon,2016,Silver,55000,19000
47,Honda,Civic,2017,Gray,50000,17000
48,Ford,Fusion,2018,White,45000,16000
49,Chevrolet,Impala,2019,Blue,40000,18000
50,Hyundai,Sonata,2020,Red,35000,20000
51,Toyota,Corolla,2017,Silver,55000,19000
52,Honda,CR-V,2018,White,50000,23000
53,Ford,Escape,2019,Blue,40000,21000
54,Chevrolet,Equinox,2020,Black,35000,24000
55,Hyundai,Tucson,2015,Red,70000,20000
56,Toyota,Rav4,2016,Gray,55000,22000
57,Honda,Pilot,2017,White,50000,24000
58,Ford,Explorer,2018,Blue,45000,23000
59,Chevrolet,Traverse,2019,Black,40000,27000
60,Hyundai,Santa Fe,2020,Red,35000,25000
61,Toyota,4Runner,2015,Silver,70000,28000
62,Honda,Odyssey,2016,White,55000,22000
63,Ford,Edge,2017,Blue,50000,21000
64,Chevrolet,Tahoe,2018,Black,45000,26000
65,Hyundai,Palisade,2019,Silver,30000,29000
66,Toyota,Sienna,2020,Red,35000,27000
67,Honda,Fit,2017,Gray,55000,12000
68,Ford,Fusion,2018,White,50000,15000
69,Chevrolet,Malibu,2019,Blue,40000,17000
70,Hyundai,Venue,2016,Silver,60000,14000
71,Toyota,Yaris,2017,Black,55000,12000
72,Toyota,Camry,2017,White,45000,18000
73,Honda,Civic,2015,Blue,35000,16000
74,Toyota,Camry,2018,White,55000,14000
75,Honda,Civic,2016,Blue,60000,12000
76,Ford,Focus,2019,Silver,40000,15000
77,Chevrolet,Cruze,2015,Red,25000,19000
78,Hyundai,Elantra,2020,Black,30000,18000
79,Toyota,Corolla,2016,Gray,65000,22000
80,Honda,Accord,2015,White,55000,16000
81,Ford,Mustang,2020,Yellow,50000,14000
82,Chevrolet,Impala,2015,Black,55000,19000
83,Hyundai,Sonata,2020,Blue,30000,23000
84,Toyota,Rav5,2017,Gray,40000,21000
85,Honda,CR-V,2019,Red,45000,18000
86,Ford,Escape,2020,White,35000,20000
87,Chevrolet,Equinox,2019,Black,60000,25000
88,Hyundai,Kona,2017,Blue,55000,24000
89,Toyota,Highlander,2016,Silver,50000,23000
90,Honda,Pilot,2018,Gray,35000,28000
91,Ford,Explorer,2018,White,40000,25000
92,Chevrolet,Traverse,2016,Black,70000,27000
93,Hyundai,Santa Fe,2020,Red,55000,22000
94,Toyota,4Runner,2017,Silver,50000,21000
95,Honda,Odyssey,2017,White,45000,26000
96,Ford,Edge,2019,Blue,30000,29000
97,Chevrolet,Tahoe,2018,Black,35000,27000
98,Hyundai,Palisade,2018,Silver,55000,12000
99,Toyota,Sienna,2019,Red,50000,15000
100,Honda,Fit,2017,Gray,40000,17000
101,Ford,Fusion,2015,White,60000,14000
102,Chevrolet,Malibu,2016,Blue,55000,12000
103,Hyundai,Venue,2018,Silver,50000,15000
104,Toyota,Yaris,2018,Black,40000,17000
105,Honda,HR-V,2016,White,35000,14000
106,Ford,EcoSport,2017,Red,70000,12000
107,Chevrolet,Spark,2017,Blue,55000,15000
108,Hyundai,Accent,2019,Silver,50000,17000
109,Toyota,Prius,2017,Gray,40000,14000
110,Honda,Civic,2015,White,45000,16000
111,Ford,Fiesta,2019,Blue,35000,18000
112,Chevrolet,Cruze,2018,Black,60000,19000
113,Hyundai,Elantra,2016,Red,50000,18000
114,Toyota,Camry,2019,Silver,40000,22000
115,Honda,Accord,2020,White,35000,25000
116,Ford,Mustang,2020,Blue,70000,18000
117,Chevrolet,Camaro,2019,Red,55000,19000
118,Hyundai,Genesis,2017,Black,50000,17000
119,Toyota,Avalon,2015,Silver,45000,16000
120,Honda,Civic,2015,Gray,40000,18000
121,Ford,Fusion,2015,White,35000,20000
122,Chevrolet,Impala,2020,Blue,55000,19000
123,Hyundai,Sonata,2017,Red,50000,23000
124,Toyota,Corolla,2017,Silver,40000,21000
125,Honda,CR-V,2018,White,35000,24000
126,Ford,Escape,2019,Blue,70000,20000
127,Chevrolet,Equinox,2015,Black,55000,22000
128,Hyundai,Tucson,2019,Red,50000,24000
129,Toyota,Rav5,2015,Gray,45000,23000
130,Honda,Pilot,2016,White,40000,27000
131,Ford,Explorer,2015,Blue,35000,25000
132,Chevrolet,Traverse,2017,Black,70000,28000
133,Hyundai,Santa Fe,2018,Red,55000,22000
134,Toyota,4Runner,2017,Silver,50000,21000
135,Honda,Odyssey,2016,White,45000,26000
136,Ford,Edge,2019,Blue,30000,29000
137,Chevrolet,Tahoe,2016,Black,35000,27000
138,Hyundai,Palisade,2020,Silver,55000,12000
139,Toyota,Sienna,2020,Red,50000,15000
140,Honda,Fit,2018,Gray,40000,17000
141,Ford,Fusion,2018,White,60000,14000
142,Chevrolet,Malibu,2019,Blue,55000,12000
143,Hyundai,Venue,2015,Silver,45000,18000
144,Toyota,Yaris,2018,Black,35000,16000
145,Toyota,Camry,2018,White,55000,14000
146,Honda,Civic,2016,Blue,60000,12000
147,Toyota,Camry,2016,White,40000,15000
148,Honda,Civic,2016,Blue,25000,19000
149,Ford,Focus,2016,Silver,30000,18000
150,Chevrolet,Cruze,2018,Red,65000,22000
151,Hyundai,Elantra,2017,Black,55000,16000
152,Toyota,Corolla,2019,Gray,50000,14000
153,Honda,Accord,2017,White,55000,19000
154,Ford,Mustang,2017,Yellow,30000,23000
155,Chevrolet,Impala,2015,Black,40000,21000
156,Hyundai,Sonata,2017,Blue,45000,18000
157,Toyota,Rav6,2015,Gray,35000,20000
158,Honda,CR-V,2020,Red,60000,25000
159,Ford,Escape,2019,White,55000,24000
160,Chevrolet,Equinox,2015,Black,50000,23000
161,Hyundai,Kona,2020,Blue,35000,28000
162,Toyota,Highlander,2020,Silver,40000,25000
163,Honda,Pilot,2018,Gray,70000,27000
164,Ford,Explorer,2015,White,55000,22000
165,Chevrolet,Traverse,2017,Black,50000,21000
166,Hyundai,Santa Fe,2019,Red,45000,26000
167,Toyota,4Runner,2019,Silver,30000,29000
168,Honda,Odyssey,2016,White,35000,27000
169,Ford,Edge,2019,Blue,55000,12000
170,Chevrolet,Tahoe,2015,Black,50000,15000
171,Hyundai,Palisade,2016,Silver,40000,17000
172,Toyota,Sienna,2019,Red,60000,14000
173,Honda,Fit,2020,Gray,55000,12000
174,Ford,Fusion,2019,White,50000,15000
175,Chevrolet,Malibu,2016,Blue,40000,17000
176,Hyundai,Venue,2015,Silver,35000,14000
177,Toyota,Yaris,2018,Black,70000,12000
178,Honda,HR-V,2017,White,55000,15000
179,Ford,EcoSport,2016,Red,50000,17000
180,Chevrolet,Spark,2016,Blue,40000,14000
181,Hyundai,Accent,2016,Silver,45000,16000
182,Toyota,Prius,2019,Gray,35000,18000
183,Honda,Civic,2015,White,60000,19000
184,Ford,Fiesta,2018,Blue,50000,18000
185,Chevrolet,Cruze,2015,Black,40000,22000
186,Hyundai,Elantra,2015,Red,35000,25000
187,Toyota,Camry,2020,Silver,70000,18000
188,Honda,Accord,2016,White,55000,19000
189,Ford,Mustang,2016,Blue,50000,17000
190,Chevrolet,Camaro,2020,Red,45000,16000
191,Hyundai,Genesis,2020,Black,40000,18000
192,Toyota,Avalon,2019,Silver,35000,20000
193,Honda,Civic,2015,Gray,55000,19000
194,Ford,Fusion,2020,White,50000,23000
195,Chevrolet,Impala,2016,Blue,40000,21000
196,Hyundai,Sonata,2016,Red,35000,24000
197,Toyota,Corolla,2020,Silver,70000,20000
198,Honda,CR-V,2015,White,55000,22000
199,Ford,Escape,2019,Blue,50000,24000
200,Chevrolet,Equinox,2019,Black,45000,23000
201,Hyundai,Tucson,2015,Red,40000,27000
202,Toyota,Rav6,2016,Gray,35000,25000
203,Honda,Pilot,2016,White,70000,28000
204,Ford,Explorer,2019,Blue,55000,22000
205,Chevrolet,Traverse,2017,Black,50000,21000
206,Hyundai,Santa Fe,2017,Red,45000,26000
207,Toyota,4Runner,2018,Silver,30000,29000
208,Honda,Odyssey,2015,White,35000,27000
209,Ford,Edge,2019,Blue,55000,12000
210,Chevrolet,Tahoe,2018,Black,50000,15000
211,Hyundai,Palisade,2016,Silver,40000,17000
212,Toyota,Sienna,2018,Red,60000,14000
213,Honda,Fit,2019,Gray,55000,12000
214,Ford,Fusion,2017,White,45000,18000
215,Chevrolet,Malibu,2015,Blue,35000,16000
216,Hyundai,Venue,2016,Silver,55000,14000
217,Toyota,Yaris,2015,Black,60000,12000
218,Toyota,Camry,2017,White,40000,15000
219,Honda,Civic,2015,Blue,25000,19000
220,Toyota,Camry,2020,White,30000,18000
221,Honda,Civic,2019,Blue,65000,22000
222,Ford,Focus,2019,Silver,55000,16000
223,Chevrolet,Cruze,2018,Red,50000,14000
224,Hyundai,Elantra,2016,Black,55000,19000
225,Toyota,Corolla,2018,Gray,30000,23000
226,Honda,Accord,2016,White,40000,21000
227,Ford,Mustang,2015,Yellow,45000,18000
228,Chevrolet,Impala,2018,Black,35000,20000
229,Hyundai,Sonata,2015,Blue,60000,25000
230,Toyota,Rav7,2016,Gray,55000,24000
231,Honda,CR-V,2019,Red,50000,23000
232,Ford,Escape,2015,White,35000,28000
233,Chevrolet,Equinox,2020,Black,40000,25000
234,Hyundai,Kona,2018,Blue,70000,27000
235,Toyota,Highlander,2020,Silver,55000,22000
236,Honda,Pilot,2020,Gray,50000,21000
237,Ford,Explorer,2019,White,45000,26000
238,Chevrolet,Traverse,2018,Black,30000,29000
239,Hyundai,Santa Fe,2016,Red,35000,27000
240,Toyota,4Runner,2018,Silver,55000,12000
241,Honda,Odyssey,2017,White,50000,15000
242,Ford,Edge,2015,Blue,40000,17000
243,Chevrolet,Tahoe,2018,Black,60000,14000
244,Hyundai,Palisade,2015,Silver,55000,12000
245,Toyota,Sienna,2016,Red,50000,15000
246,Honda,Fit,2020,Gray,40000,17000
247,Ford,Fusion,2019,White,35000,14000
248,Chevrolet,Malibu,2017,Blue,70000,12000
249,Hyundai,Venue,2019,Silver,55000,15000
250,Toyota,Yaris,2017,Black,50000,17000
251,Honda,HR-V,2020,White,40000,14000
252,Ford,EcoSport,2017,Red,45000,16000
253,Chevrolet,Spark,2015,Blue,35000,18000
254,Hyundai,Accent,2015,Silver,60000,19000
255,Toyota,Prius,2017,Gray,50000,18000
256,Honda,Civic,2020,White,40000,22000
257,Ford,Fiesta,2017,Blue,35000,25000
258,Chevrolet,Cruze,2020,Black,70000,18000
259,Hyundai,Elantra,2018,Red,55000,19000
260,Toyota,Camry,2015,Silver,50000,17000
261,Honda,Accord,2020,White,45000,16000
262,Ford,Mustang,2015,Blue,40000,18000
263,Chevrolet,Camaro,2016,Red,35000,20000
264,Hyundai,Genesis,2020,Black,55000,19000
265,Toyota,Avalon,2016,Silver,50000,23000
266,Honda,Civic,2019,Gray,40000,21000
267,Ford,Fusion,2017,White,35000,24000
268,Chevrolet,Impala,2019,Blue,70000,20000
269,Hyundai,Sonata,2015,Red,55000,22000
270,Toyota,Corolla,2018,Silver,50000,24000
271,Honda,CR-V,2018,White,45000,23000
272,Ford,Escape,2019,Blue,40000,27000
273,Chevrolet,Equinox,2018,Black,35000,25000
274,Hyundai,Tucson,2015,Red,70000,28000
275,Toyota,Rav7,2019,Gray,55000,22000
276,Honda,Pilot,2019,White,50000,21000
277,Ford,Explorer,2017,Blue,45000,26000
278,Chevrolet,Traverse,2017,Black,30000,29000
279,Hyundai,Santa Fe,2018,Red,35000,27000
280,Toyota,4Runner,2017,Silver,55000,12000
281,Honda,Odyssey,2015,White,50000,15000
282,Ford,Edge,2020,Blue,40000,17000
283,Chevrolet,Tahoe,2019,Black,60000,14000
284,Hyundai,Palisade,2017,Silver,55000,12000
285,Toyota,Sienna,2016,Red,45000,18000
286,Honda,Fit,2017,Gray,35000,16000
287,Ford,Fusion,2019,White,55000,14000
288,Chevrolet,Malibu,2020,Blue,60000,12000
289,Hyundai,Venue,2018,Silver,40000,15000
290,Toyota,Yaris,2019,Black,25000,19000
291,Toyota,Camry,2018,White,30000,18000
292,Honda,Civic,2015,Blue,65000,22000
293,Toyota,Camry,2015,White,55000,16000
294,Honda,Civic,2019,Blue,50000,14000
295,Ford,Focus,2016,Silver,55000,19000
296,Chevrolet,Cruze,2015,Red,30000,23000
297,Hyundai,Elantra,2019,Black,40000,21000
298,Toyota,Corolla,2016,Gray,45000,18000
299,Honda,Accord,2020,White,35000,20000
300,Ford,Mustang,2019,Yellow,60000,25000
301,Chevrolet,Impala,2017,Black,55000,24000
302,Hyundai,Sonata,2019,Blue,50000,23000
303,Toyota,Rav8,2019,Gray,35000,28000
304,Honda,CR-V,2017,Red,40000,25000
305,Ford,Escape,2016,White,70000,27000
306,Chevrolet,Equinox,2016,Black,55000,22000
307,Hyundai,Kona,2016,Blue,50000,21000
308,Toyota,Highlander,2017,Silver,45000,26000
309,Honda,Pilot,2018,Gray,30000,29000
310,Ford,Explorer,2016,White,35000,27000
311,Chevrolet,Traverse,2018,Black,55000,12000
312,Hyundai,Santa Fe,2019,Red,50000,15000
313,Toyota,4Runner,2017,Silver,40000,17000
314,Honda,Odyssey,2016,White,60000,14000
315,Ford,Edge,2020,Blue,55000,12000
316,Chevrolet,Tahoe,2017,Black,50000,15000
317,Hyundai,Palisade,2015,Silver,40000,17000
318,Toyota,Sienna,2019,Red,35000,14000
319,Honda,Fit,2020,Gray,70000,12000
320,Ford,Fusion,2020,White,55000,15000
321,Chevrolet,Malibu,2019,Blue,50000,17000
322,Hyundai,Venue,2018,Silver,40000,14000
323,Toyota,Yaris,2019,Black,45000,16000
324,Honda,HR-V,2017,White,35000,18000
325,Ford,EcoSport,2020,Red,60000,19000
326,Chevrolet,Spark,2017,Blue,50000,18000
327,Hyundai,Accent,2017,Silver,40000,22000
328,Toyota,Prius,2016,Gray,35000,25000
329,Honda,Civic,2015,White,70000,18000
330,Ford,Fiesta,2020,Blue,55000,19000
331,Chevrolet,Cruze,2015,Black,50000,17000
332,Hyundai,Elantra,2016,Red,45000,16000
333,Toyota,Camry,2018,Silver,40000,18000
334,Honda,Accord,2018,White,35000,20000
335,Ford,Mustang,2019,Blue,55000,19000
336,Chevrolet,Camaro,2019,Red,50000,23000
337,Hyundai,Genesis,2015,Black,40000,21000
338,Toyota,Avalon,2019,Silver,35000,24000
339,Honda,Civic,2016,Gray,70000,20000
340,Ford,Fusion,2018,White,55000,22000
341,Chevrolet,Impala,2017,Blue,50000,24000
342,Hyundai,Sonata,2020,Red,45000,23000
343,Toyota,Corolla,2020,Silver,40000,27000
344,Honda,CR-V,2020,White,35000,25000
345,Ford,Escape,2015,Blue,70000,28000
346,Chevrolet,Equinox,2020,Black,55000,22000
347,Hyundai,Tucson,2017,Red,50000,21000
348,Toyota,Rav8,2016,Gray,45000,26000
349,Honda,Pilot,2018,White,30000,29000
350,Ford,Explorer,2017,Blue,35000,27000
351,Chevrolet,Traverse,2019,Black,55000,12000
352,Hyundai,Santa Fe,2017,Red,50000,15000
353,Toyota,4Runner,2016,Silver,40000,17000
354,Honda,Odyssey,2015,White,60000,14000
355,Ford,Edge,2019,Blue,55000,12000
356,Chevrolet,Tahoe,2016,Black,45000,18000
357,Hyundai,Palisade,2015,Silver,35000,16000
358,Toyota,Sienna,2016,Red,55000,14000
359,Honda,Fit,2019,Gray,60000,12000
360,Ford,Fusion,2020,White,40000,15000
361,Chevrolet,Malibu,2015,Blue,25000,19000
362,Hyundai,Venue,2016,Silver,30000,18000
363,Toyota,Yaris,2015,Black,65000,22000
364,Toyota,Camry,2020,White,55000,16000
365,Honda,Civic,2015,Blue,50000,14000
366,Toyota,Camry,2020,White,55000,19000
367,Honda,Civic,2015,Blue,30000,23000
368,Ford,Focus,2016,Silver,40000,21000
369,Chevrolet,Cruze,2019,Red,45000,18000
370,Hyundai,Elantra,2017,Black,35000,20000
371,Toyota,Corolla,2018,Gray,60000,25000
372,Honda,Accord,2018,White,55000,24000
373,Ford,Mustang,2015,Yellow,50000,23000
374,Chevrolet,Impala,2017,Black,35000,28000
375,Hyundai,Sonata,2018,Blue,40000,25000
376,Toyota,Rav9,2015,Gray,70000,27000
377,Honda,CR-V,2018,Red,55000,22000
378,Ford,Escape,2015,White,50000,21000
379,Chevrolet,Equinox,2018,Black,45000,26000
380,Hyundai,Kona,2019,Blue,30000,29000
381,Toyota,Highlander,2019,Silver,35000,27000
382,Honda,Pilot,2017,Gray,55000,12000
383,Ford,Explorer,2016,White,50000,15000
384,Chevrolet,Traverse,2020,Black,40000,17000
385,Hyundai,Santa Fe,2019,Red,60000,14000
386,Toyota,4Runner,2015,Silver,55000,12000
387,Honda,Odyssey,2015,White,50000,15000
388,Ford,Edge,2018,Blue,40000,17000
389,Chevrolet,Tahoe,2017,Black,35000,14000
390,Hyundai,Palisade,2020,Silver,70000,12000
391,Toyota,Sienna,2016,Red,55000,15000
392,Honda,Fit,2020,Gray,50000,17000
393,Ford,Fusion,2019,White,40000,14000
394,Chevrolet,Malibu,2015,Blue,45000,16000
395,Hyundai,Venue,2019,Silver,35000,18000
396,Toyota,Yaris,2017,Black,60000,19000
397,Honda,HR-V,2018,White,50000,18000
398,Ford,EcoSport,2016,Red,40000,22000
399,Chevrolet,Spark,2015,Blue,35000,25000
400,Hyundai,Accent,2017,Silver,70000,18000
401,Toyota,Prius,2015,Gray,55000,19000
402,Honda,Civic,2017,White,50000,17000
403,Ford,Fiesta,2017,Blue,45000,16000
404,Chevrolet,Cruze,2017,Black,40000,18000
405,Hyundai,Elantra,2020,Red,35000,20000
406,Toyota,Camry,2018,Silver,55000,19000
407,Honda,Accord,2016,White,50000,23000
408,Ford,Mustang,2015,Blue,40000,21000
409,Chevrolet,Camaro,2017,Red,35000,24000
410,Hyundai,Genesis,2015,Black,70000,20000
411,Toyota,Avalon,2018,Silver,55000,22000
412,Honda,Civic,2020,Gray,50000,24000
413,Ford,Fusion,2019,White,45000,23000
414,Chevrolet,Impala,2015,Blue,40000,27000
415,Hyundai,Sonata,2015,Red,35000,25000
416,Toyota,Corolla,2016,Silver,70000,28000
417,Honda,CR-V,2015,White,55000,22000
418,Ford,Escape,2015,Blue,50000,21000
419,Chevrolet,Equinox,2017,Black,45000,26000
420,Hyundai,Tucson,2016,Red,30000,29000
421,Toyota,Rav9,2018,Gray,35000,27000
422,Honda,Pilot,2019,White,55000,12000
423,Ford,Explorer,2019,Blue,50000,15000
424,Chevrolet,Traverse,2020,Black,40000,17000
425,Hyundai,Santa Fe,2020,Red,60000,14000
426,Toyota,4Runner,2016,Silver,55000,12000
427,Honda,Odyssey,2019,White,45000,18000
428,Ford,Edge,2015,Blue,35000,16000
429,Chevrolet,Tahoe,2016,Black,55000,14000
430,Hyundai,Palisade,2015,Silver,60000,12000
431,Toyota,Sienna,2017,Red,40000,15000
432,Honda,Fit,2016,Gray,25000,19000
433,Ford,Fusion,2016,White,30000,18000
434,Chevrolet,Malibu,2018,Blue,65000,22000
435,Hyundai,Venue,2015,Silver,55000,16000
436,Toyota,Yaris,2018,Black,50000,14000
437,Toyota,Camry,2016,White,55000,19000
438,Honda,Civic,2017,Blue,30000,23000
439,Toyota,Camry,2019,White,40000,21000
440,Honda,Civic,2016,Blue,45000,18000
441,Ford,Focus,2019,Silver,35000,20000
442,Chevrolet,Cruze,2017,Red,60000,25000
443,Hyundai,Elantra,2019,Black,55000,24000
444,Toyota,Corolla,2015,Gray,50000,23000
445,Honda,Accord,2015,White,35000,28000
446,Ford,Mustang,2016,Yellow,40000,25000
447,Chevrolet,Impala,2018,Black,70000,27000
448,Hyundai,Sonata,2020,Blue,55000,22000
449,Toyota,Rav10,2019,Gray,50000,21000
450,Honda,CR-V,2018,Red,45000,26000
451,Ford,Escape,2020,White,30000,29000
452,Chevrolet,Equinox,2015,Black,35000,27000
453,Hyundai,Kona,2016,Blue,55000,12000
454,Toyota,Highlander,2015,Silver,50000,15000
455,Honda,Pilot,2020,Gray,40000,17000
456,Ford,Explorer,2015,White,60000,14000
457,Chevrolet,Traverse,2019,Black,55000,12000
458,Hyundai,Santa Fe,2018,Red,50000,15000
459,Toyota,4Runner,2016,Silver,40000,17000
460,Honda,Odyssey,2018,White,35000,14000
461,Ford,Edge,2015,Blue,70000,12000
462,Chevrolet,Tahoe,2015,Black,55000,15000
463,Hyundai,Palisade,2020,Silver,50000,17000
464,Toyota,Sienna,2015,Red,40000,14000
465,Honda,Fit,2017,Gray,45000,16000
466,Ford,Fusion,2019,White,35000,18000
467,Chevrolet,Malibu,2018,Blue,60000,19000
468,Hyundai,Venue,2016,Silver,50000,18000
469,Toyota,Yaris,2017,Black,40000,22000
470,Honda,HR-V,2018,White,35000,25000
471,Ford,EcoSport,2020,Red,70000,18000
472,Chevrolet,Spark,2018,Blue,55000,19000
473,Hyundai,Accent,2018,Silver,50000,17000
474,Toyota,Prius,2015,Gray,45000,16000
475,Honda,Civic,2016,White,40000,18000
476,Ford,Fiesta,2017,Blue,35000,20000
477,Chevrolet,Cruze,2019,Black,55000,19000
478,Hyundai,Elantra,2017,Red,50000,23000
479,Toyota,Camry,2020,Silver,40000,21000
480,Honda,Accord,2019,White,35000,24000
481,Ford,Mustang,2016,Blue,70000,20000
482,Chevrolet,Camaro,2016,Red,55000,22000
483,Hyundai,Genesis,2015,Black,50000,24000
484,Toyota,Avalon,2017,Silver,45000,23000
485,Honda,Civic,2018,Gray,40000,27000
486,Ford,Fusion,2020,White,35000,25000
487,Chevrolet,Impala,2016,Blue,70000,28000
488,Hyundai,Sonata,2020,Red,55000,22000
489,Toyota,Corolla,2017,Silver,50000,21000
490,Honda,CR-V,2018,White,45000,26000
491,Ford,Escape,2016,Blue,30000,29000
492,Chevrolet,Equinox,2015,Black,35000,27000
493,Hyundai,Tucson,2015,Red,55000,12000
494,Toyota,Rav10,2019,Gray,50000,15000
495,Honda,Pilot,2018,White,40000,17000
496,Ford,Explorer,2020,Blue,60000,14000
497,Chevrolet,Traverse,2015,Black,55000,12000
498,Hyundai,Santa Fe,2017,Red,45000,18000
499,Toyota,4Runner,2020,Silver,35000,16000
500,Honda,Odyssey,2018,White,55000,14000
501,Ford,Edge,2015,Blue,60000,12000
502,Chevrolet,Tahoe,2018,Black,40000,15000
503,Hyundai,Palisade,2017,Silver,25000,19000
504,Toyota,Sienna,2020,Red,30000,18000
505,Honda,Fit,2018,Gray,65000,22000
506,Ford,Fusion,2017,White,55000,16000
507,Chevrolet,Malibu,2017,Blue,50000,14000
508,Hyundai,Venue,2015,Silver,55000,19000
509,Toyota,Yaris,2019,Black,30000,23000
510,Toyota,Camry,2019,White,40000,21000
511,Honda,Civic,2019,Blue,45000,18000
512,Toyota,Camry,2018,White,35000,20000
513,Honda,Civic,2020,Blue,60000,25000
514,Ford,Focus,2020,Silver,55000,24000
515,Chevrolet,Cruze,2020,Red,50000,23000
516,Hyundai,Elantra,2017,Black,35000,28000
517,Toyota,Corolla,2019,Gray,40000,25000
518,Honda,Accord,2015,White,70000,27000
519,Ford,Mustang,2016,Yellow,55000,22000
520,Chevrolet,Impala,2015,Black,50000,21000
521,Hyundai,Sonata,2016,Blue,45000,26000
522,Toyota,Rav11,2017,Gray,30000,29000
523,Honda,CR-V,2015,Red,35000,27000
524,Ford,Escape,2020,White,55000,12000
525,Chevrolet,Equinox,2016,Black,50000,15000
526,Hyundai,Kona,2018,Blue,40000,17000
527,Toyota,Highlander,2018,Silver,60000,14000
528,Honda,Pilot,2018,Gray,55000,12000
529,Ford,Explorer,2017,White,50000,15000
530,Chevrolet,Traverse,2017,Black,40000,17000
531,Hyundai,Santa Fe,2018,Red,35000,14000
532,Toyota,4Runner,2019,Silver,70000,12000
533,Honda,Odyssey,2017,White,55000,15000
534,Ford,Edge,2018,Blue,50000,17000
535,Chevrolet,Tahoe,2016,Black,40000,14000
536,Hyundai,Palisade,2016,Silver,45000,16000
537,Toyota,Sienna,2017,Red,35000,18000
538,Honda,Fit,2015,Gray,60000,19000
539,Ford,Fusion,2019,White,50000,18000
540,Chevrolet,Malibu,2017,Blue,40000,22000
541,Hyundai,Venue,2019,Silver,35000,25000
542,Toyota,Yaris,2020,Black,70000,18000
543,Honda,HR-V,2016,White,55000,19000
544,Ford,EcoSport,2016,Red,50000,17000
545,Chevrolet,Spark,2018,Blue,45000,16000
546,Hyundai,Accent,2019,Silver,40000,18000
547,Toyota,Prius,2020,Gray,35000,20000
548,Honda,Civic,2016,White,55000,19000
549,Ford,Fiesta,2019,Blue,50000,23000
550,Chevrolet,Cruze,2015,Black,40000,21000
551,Hyundai,Elantra,2018,Red,35000,24000
552,Toyota,Camry,2020,Silver,70000,20000
553,Honda,Accord,2017,White,55000,22000
554,Ford,Mustang,2017,Blue,50000,24000
555,Chevrolet,Camaro,2017,Red,45000,23000
556,Hyundai,Genesis,2020,Black,40000,27000
557,Toyota,Avalon,2016,Silver,35000,25000
558,Honda,Civic,2020,Gray,70000,28000
559,Ford,Fusion,2019,White,55000,22000
560,Chevrolet,Impala,2019,Blue,50000,21000
561,Hyundai,Sonata,2020,Red,45000,26000
562,Toyota,Corolla,2017,Silver,30000,29000
563,Honda,CR-V,2016,White,35000,27000
564,Ford,Escape,2019,Blue,55000,12000
565,Chevrolet,Equinox,2015,Black,50000,15000
566,Hyundai,Tucson,2016,Red,40000,17000
567,Toyota,Rav11,2019,Gray,60000,14000
568,Honda,Pilot,2016,White,55000,12000
569,Ford,Explorer,2020,Blue,45000,18000
570,Chevrolet,Traverse,2019,Black,35000,16000
571,Hyundai,Santa Fe,2015,Red,55000,14000
572,Toyota,4Runner,2020,Silver,60000,12000
573,Honda,Odyssey,2015,White,40000,15000
574,Ford,Edge,2015,Blue,25000,19000
575,Chevrolet,Tahoe,2015,Black,30000,18000
576,Hyundai,Palisade,2015,Silver,65000,22000
577,Toyota,Sienna,2017,Red,55000,16000
578,Honda,Fit,2020,Gray,50000,14000
579,Ford,Fusion,2015,White,55000,19000
580,Chevrolet,Malibu,2019,Blue,30000,23000
581,Hyundai,Venue,2015,Silver,40000,21000
582,Toyota,Yaris,2016,Black,45000,18000
583,Toyota,Camry,2019,White,35000,20000
584,Honda,Civic,2020,Blue,60000,25000
585,Toyota,Camry,2016,White,55000,24000
586,Honda,Civic,2016,Blue,50000,23000
587,Ford,Focus,2016,Silver,35000,28000
588,Chevrolet,Cruze,2017,Red,40000,25000
589,Hyundai,Elantra,2015,Black,70000,27000
590,Toyota,Corolla,2018,Gray,55000,22000
591,Honda,Accord,2017,White,50000,21000
592,Ford,Mustang,2015,Yellow,45000,26000
593,Chevrolet,Impala,2016,Black,30000,29000
594,Hyundai,Sonata,2018,Blue,35000,27000
595,Toyota,Rav12,2020,Gray,55000,12000
596,Honda,CR-V,2016,Red,50000,15000
597,Ford,Escape,2016,White,40000,17000
598,Chevrolet,Equinox,2017,Black,60000,14000
599,Hyundai,Kona,2018,Blue,55000,12000
600,Toyota,Highlander,2020,Silver,50000,15000
601,Honda,Pilot,2019,Gray,40000,17000
602,Ford,Explorer,2017,White,35000,14000
603,Chevrolet,Traverse,2020,Black,70000,12000
604,Hyundai,Santa Fe,2017,Red,55000,15000
605,Toyota,4Runner,2020,Silver,50000,17000
606,Honda,Odyssey,2018,White,40000,14000
607,Ford,Edge,2015,Blue,45000,16000
608,Chevrolet,Tahoe,2015,Black,35000,18000
609,Hyundai,Palisade,2015,Silver,60000,19000
610,Toyota,Sienna,2017,Red,50000,18000
611,Honda,Fit,2018,Gray,40000,22000
612,Ford,Fusion,2015,White,35000,25000
613,Chevrolet,Malibu,2020,Blue,70000,18000
614,Hyundai,Venue,2015,Silver,55000,19000
615,Toyota,Yaris,2020,Black,50000,17000
616,Honda,HR-V,2018,White,45000,16000
617,Ford,EcoSport,2019,Red,40000,18000
618,Chevrolet,Spark,2016,Blue,35000,20000
619,Hyundai,Accent,2015,Silver,55000,19000
620,Toyota,Prius,2020,Gray,50000,23000
621,Honda,Civic,2018,White,40000,21000
622,Ford,Fiesta,2018,Blue,35000,24000
623,Chevrolet,Cruze,2018,Black,70000,20000
624,Hyundai,Elantra,2018,Red,55000,22000
625,Toyota,Camry,2018,Silver,50000,24000
626,Honda,Accord,2015,White,45000,23000
627,Ford,Mustang,2015,Blue,40000,27000
628,Chevrolet,Camaro,2016,Red,35000,25000
629,Hyundai,Genesis,2016,Black,70000,28000
630,Toyota,Avalon,2015,Silver,55000,22000
631,Honda,Civic,2020,Gray,50000,21000
632,Ford,Fusion,2015,White,45000,26000
633,Chevrolet,Impala,2019,Blue,30000,29000
634,Hyundai,Sonata,2017,Red,35000,27000
635,Toyota,Corolla,2020,Silver,55000,12000
636,Honda,CR-V,2020,White,50000,15000
637,Ford,Escape,2015,Blue,40000,17000
638,Chevrolet,Equinox,2016,Black,60000,14000
639,Hyundai,Tucson,2016,Red,55000,12000
640,Toyota,Rav12,2020,Gray,45000,18000
641,Honda,Pilot,2019,White,35000,16000
642,Ford,Explorer,2018,Blue,55000,14000
643,Chevrolet,Traverse,2017,Black,60000,12000
644,Hyundai,Santa Fe,2020,Red,40000,15000
645,Toyota,4Runner,2020,Silver,25000,19000
646,Honda,Odyssey,2017,White,30000,18000
647,Ford,Edge,2017,Blue,65000,22000
648,Chevrolet,Tahoe,2017,Black,55000,16000
649,Hyundai,Palisade,2019,Silver,50000,14000
650,Toyota,Sienna,2015,Red,55000,19000
651,Honda,Fit,2016,Gray,30000,23000
652,Ford,Fusion,2020,White,40000,21000
653,Chevrolet,Malibu,2018,Blue,45000,18000
654,Hyundai,Venue,2019,Silver,35000,20000
655,Toyota,Yaris,2016,Black,60000,25000
656,Toyota,Camry,2017,White,55000,24000
657,Honda,Civic,2015,Blue,50000,23000
658,Toyota,Camry,2016,White,35000,28000
659,Honda,Civic,2020,Blue,40000,25000
660,Ford,Focus,2018,Silver,70000,27000
661,Chevrolet,Cruze,2018,Red,55000,22000
662,Hyundai,Elantra,2019,Black,50000,21000
663,Toyota,Corolla,2017,Gray,45000,26000
664,Honda,Accord,2019,White,30000,29000
665,Ford,Mustang,2015,Yellow,35000,27000
666,Chevrolet,Impala,2018,Black,55000,12000
667,Hyundai,Sonata,2020,Blue,50000,15000
668,Toyota,Rav13,2016,Gray,40000,17000
669,Honda,CR-V,2017,Red,60000,14000
670,Ford,Escape,2016,White,55000,12000
671,Chevrolet,Equinox,2016,Black,50000,15000
672,Hyundai,Kona,2018,Blue,40000,17000
673,Toyota,Highlander,2017,Silver,35000,14000
674,Honda,Pilot,2019,Gray,70000,12000
675,Ford,Explorer,2015,White,55000,15000
676,Chevrolet,Traverse,2019,Black,50000,17000
677,Hyundai,Santa Fe,2016,Red,40000,14000
678,Toyota,4Runner,2020,Silver,45000,16000
679,Honda,Odyssey,2020,White,35000,18000
680,Ford,Edge,2018,Blue,60000,19000
681,Chevrolet,Tahoe,2020,Black,50000,18000
682,Hyundai,Palisade,2016,Silver,40000,22000
683,Toyota,Sienna,2019,Red,35000,25000
684,Honda,Fit,2020,Gray,70000,18000
685,Ford,Fusion,2015,White,55000,19000
686,Chevrolet,Malibu,2016,Blue,50000,17000
687,Hyundai,Venue,2016,Silver,45000,16000
688,Toyota,Yaris,2016,Black,40000,18000
689,Honda,HR-V,2018,White,35000,20000
690,Ford,EcoSport,2016,Red,55000,19000
691,Chevrolet,Spark,2016,Blue,50000,23000
692,Hyundai,Accent,2017,Silver,40000,21000
693,Toyota,Prius,2018,Gray,35000,24000
694,Honda,Civic,2020,White,70000,20000
695,Ford,Fiesta,2016,Blue,55000,22000
696,Chevrolet,Cruze,2020,Black,50000,24000
697,Hyundai,Elantra,2020,Red,45000,23000
698,Toyota,Camry,2019,Silver,40000,27000
699,Honda,Accord,2017,White,35000,25000
700,Ford,Mustang,2019,Blue,70000,28000
701,Chevrolet,Camaro,2015,Red,55000,22000
702,Hyundai,Genesis,2020,Black,50000,21000
703,Toyota,Avalon,2015,Silver,45000,26000
704,Honda,Civic,2019,Gray,30000,29000
705,Ford,Fusion,2018,White,35000,27000
706,Chevrolet,Impala,2017,Blue,55000,12000
707,Hyundai,Sonata,2015,Red,50000,15000
708,Toyota,Corolla,2020,Silver,40000,17000
709,Honda,CR-V,2020,White,60000,14000
710,Ford,Escape,2020,Blue,55000,12000
711,Chevrolet,Equinox,2015,Black,45000,18000
712,Hyundai,Tucson,2019,Red,35000,16000
713,Toyota,Rav13,2018,Gray,55000,14000
714,Honda,Pilot,2017,White,60000,12000
715,Ford,Explorer,2020,Blue,40000,15000
716,Chevrolet,Traverse,2017,Black,25000,19000
717,Hyundai,Santa Fe,2019,Red,30000,18000
718,Toyota,4Runner,2016,Silver,65000,22000
719,Honda,Odyssey,2020,White,55000,16000
720,Ford,Edge,2017,Blue,50000,14000
721,Chevrolet,Tahoe,2015,Black,55000,19000
722,Hyundai,Palisade,2019,Silver,30000,23000
723,Toyota,Sienna,2017,Red,40000,21000
724,Honda,Fit,2019,Gray,45000,18000
725,Ford,Fusion,2015,White,35000,20000
726,Chevrolet,Malibu,2019,Blue,60000,25000
727,Hyundai,Venue,2020,Silver,55000,24000
728,Toyota,Yaris,2017,Black,50000,23000
729,Toyota,Camry,2019,White,35000,28000
730,Honda,Civic,2017,Blue,40000,25000
731,Toyota,Camry,2018,White,70000,27000
732,Honda,Civic,2016,Blue,55000,22000
733,Ford,Focus,2019,Silver,50000,21000
734,Chevrolet,Cruze,2019,Red,45000,26000
735,Hyundai,Elantra,2016,Black,30000,29000
736,Toyota,Corolla,2015,Gray,35000,27000
737,Honda,Accord,2017,White,55000,12000
738,Ford,Mustang,2015,Yellow,50000,15000
739,Chevrolet,Impala,2016,Black,40000,17000
740,Hyundai,Sonata,2018,Blue,60000,14000
741,Toyota,Rav14,2017,Gray,55000,12000
742,Honda,CR-V,2016,Red,50000,15000
743,Ford,Escape,2020,White,40000,17000
744,Chevrolet,Equinox,2020,Black,35000,14000
745,Hyundai,Kona,2020,Blue,70000,12000
746,Toyota,Highlander,2016,Silver,55000,15000
747,Honda,Pilot,2020,Gray,50000,17000
748,Ford,Explorer,2020,White,40000,14000
749,Chevrolet,Traverse,2020,Black,45000,16000
750,Hyundai,Santa Fe,2018,Red,35000,18000
751,Toyota,4Runner,2019,Silver,60000,19000
752,Honda,Odyssey,2017,White,50000,18000
753,Ford,Edge,2015,Blue,40000,22000
754,Chevrolet,Tahoe,2016,Black,35000,25000
755,Hyundai,Palisade,2019,Silver,70000,18000
756,Toyota,Sienna,2016,Red,55000,19000
757,Honda,Fit,2019,Gray,50000,17000
758,Ford,Fusion,2015,White,45000,16000
759,Chevrolet,Malibu,2015,Blue,40000,18000
760,Hyundai,Venue,2018,Silver,35000,20000
761,Toyota,Yaris,2015,Black,55000,19000
762,Honda,HR-V,2016,White,50000,23000
763,Ford,EcoSport,2018,Red,40000,21000
764,Chevrolet,Spark,2019,Blue,35000,24000
765,Hyundai,Accent,2018,Silver,70000,20000
766,Toyota,Prius,2019,Gray,55000,22000
767,Honda,Civic,2015,White,50000,24000
768,Ford,Fiesta,2016,Blue,45000,23000
769,Chevrolet,Cruze,2019,Black,40000,27000
770,Hyundai,Elantra,2019,Red,35000,25000
771,Toyota,Camry,2015,Silver,70000,28000
772,Honda,Accord,2018,White,55000,22000
773,Ford,Mustang,2018,Blue,50000,21000
774,Chevrolet,Camaro,2017,Red,45000,26000
775,Hyundai,Genesis,2016,Black,30000,29000
776,Toyota,Avalon,2020,Silver,35000,27000
777,Honda,Civic,2015,Gray,55000,12000
778,Ford,Fusion,2016,White,50000,15000
779,Chevrolet,Impala,2020,Blue,40000,17000
780,Hyundai,Sonata,2015,Red,60000,14000
781,Toyota,Corolla,2019,Silver,55000,12000
782,Honda,CR-V,2017,White,45000,18000
783,Ford,Escape,2015,Blue,35000,16000
784,Chevrolet,Equinox,2019,Black,55000,14000
785,Hyundai,Tucson,2015,Red,60000,12000
786,Toyota,Rav14,2018,Gray,40000,15000
787,Honda,Pilot,2015,White,25000,19000
788,Ford,Explorer,2016,Blue,30000,18000
789,Chevrolet,Traverse,2018,Black,65000,22000
790,Hyundai,Santa Fe,2018,Red,55000,16000
791,Toyota,4Runner,2015,Silver,50000,14000
792,Honda,Odyssey,2016,White,55000,19000
793,Ford,Edge,2016,Blue,30000,23000
794,Chevrolet,Tahoe,2019,Black,40000,21000
795,Hyundai,Palisade,2015,Silver,45000,18000
796,Toyota,Sienna,2018,Red,35000,20000
797,Honda,Fit,2015,Gray,60000,25000
798,Ford,Fusion,2017,White,55000,24000
799,Chevrolet,Malibu,2017,Blue,50000,23000
800,Hyundai,Venue,2020,Silver,35000,28000
801,Toyota,Yaris,2020,Black,40000,25000
802,Toyota,Camry,2016,White,70000,27000
803,Honda,Civic,2015,Blue,55000,22000
804,Toyota,Camry,2017,White,50000,21000
805,Honda,Civic,2018,Blue,45000,26000
806,Ford,Focus,2018,Silver,30000,29000
807,Chevrolet,Cruze,2016,Red,35000,27000
808,Hyundai,Elantra,2020,Black,55000,12000
809,Toyota,Corolla,2017,Gray,50000,15000
810,Honda,Accord,2018,White,40000,17000
811,Ford,Mustang,2020,Yellow,60000,14000
812,Chevrolet,Impala,2016,Black,55000,12000
813,Hyundai,Sonata,2019,Blue,50000,15000
814,Toyota,Rav15,2016,Gray,40000,17000
815,Honda,CR-V,2015,Red,35000,14000
816,Ford,Escape,2016,White,70000,12000
817,Chevrolet,Equinox,2019,Black,55000,15000
818,Hyundai,Kona,2015,Blue,50000,17000
819,Toyota,Highlander,2019,Silver,40000,14000
820,Honda,Pilot,2015,Gray,45000,16000
821,Ford,Explorer,2019,White,35000,18000
822,Chevrolet,Traverse,2020,Black,60000,19000
823,Hyundai,Santa Fe,2017,Red,50000,18000
824,Toyota,4Runner,2017,Silver,40000,22000
825,Honda,Odyssey,2019,White,35000,25000
826,Ford,Edge,2020,Blue,70000,18000
827,Chevrolet,Tahoe,2018,Black,55000,19000
828,Hyundai,Palisade,2015,Silver,50000,17000
829,Toyota,Sienna,2016,Red,45000,16000
830,Honda,Fit,2016,Gray,40000,18000
831,Ford,Fusion,2017,White,35000,20000
832,Chevrolet,Malibu,2016,Blue,55000,19000
833,Hyundai,Venue,2019,Silver,50000,23000
834,Toyota,Yaris,2016,Black,40000,21000
835,Honda,HR-V,2020,White,35000,24000
836,Ford,EcoSport,2016,Red,70000,20000
837,Chevrolet,Spark,2019,Blue,55000,22000
838,Hyundai,Accent,2020,Silver,50000,24000
839,Toyota,Prius,2018,Gray,45000,23000
840,Honda,Civic,2018,White,40000,27000
841,Ford,Fiesta,2016,Blue,35000,25000
842,Chevrolet,Cruze,2020,Black,70000,28000
843,Hyundai,Elantra,2016,Red,55000,22000
844,Toyota,Camry,2015,Silver,50000,21000
845,Honda,Accord,2016,White,45000,26000
846,Ford,Mustang,2017,Blue,30000,29000
847,Chevrolet,Camaro,2020,Red,35000,27000
848,Hyundai,Genesis,2017,Black,55000,12000
849,Toyota,Avalon,2020,Silver,50000,15000
850,Honda,Civic,2018,Gray,40000,17000
851,Ford,Fusion,2019,White,60000,14000
852,Chevrolet,Impala,2016,Blue,55000,12000
853,Hyundai,Sonata,2019,Red,45000,18000
854,Toyota,Corolla,2019,Silver,35000,16000
855,Honda,CR-V,2017,White,55000,14000
856,Ford,Escape,2020,Blue,60000,12000
857,Chevrolet,Equinox,2017,Black,40000,15000
858,Hyundai,Tucson,2016,Red,25000,19000
859,Toyota,Rav15,2017,Gray,30000,18000
860,Honda,Pilot,2019,White,65000,22000
861,Ford,Explorer,2016,Blue,55000,16000
862,Chevrolet,Traverse,2017,Black,50000,14000
863,Hyundai,Santa Fe,2018,Red,55000,19000
864,Toyota,4Runner,2018,Silver,30000,23000
865,Honda,Odyssey,2016,White,40000,21000
866,Ford,Edge,2019,Blue,45000,18000
867,Chevrolet,Tahoe,2016,Black,35000,20000
868,Hyundai,Palisade,2016,Silver,60000,25000
869,Toyota,Sienna,2015,Red,55000,24000
870,Honda,Fit,2020,Gray,50000,23000
871,Ford,Fusion,2015,White,35000,28000
872,Chevrolet,Malibu,2015,Blue,40000,25000
873,Hyundai,Venue,2019,Silver,70000,27000
874,Toyota,Yaris,2015,Black,55000,22000
875,Toyota,Camry,2017,White,50000,21000
876,Honda,Civic,2018,Blue,45000,26000
877,Toyota,Camry,2018,White,30000,29000
878,Honda,Civic,2015,Blue,35000,27000
879,Ford,Focus,2017,Silver,55000,12000
880,Chevrolet,Cruze,2018,Red,50000,15000
881,Hyundai,Elantra,2020,Black,40000,17000
882,Toyota,Corolla,2019,Gray,60000,14000
883,Honda,Accord,2019,White,55000,12000
884,Ford,Mustang,2015,Yellow,50000,15000
885,Chevrolet,Impala,2020,Black,40000,17000
886,Hyundai,Sonata,2017,Blue,35000,14000
887,Toyota,Rav16,2020,Gray,70000,12000
888,Honda,CR-V,2016,Red,55000,15000
889,Ford,Escape,2019,White,50000,17000
890,Chevrolet,Equinox,2020,Black,40000,14000
891,Hyundai,Kona,2015,Blue,45000,16000
892,Toyota,Highlander,2015,Silver,35000,18000
893,Honda,Pilot,2017,Gray,60000,19000
894,Ford,Explorer,2020,White,50000,18000
895,Chevrolet,Traverse,2018,Black,40000,22000
896,Hyundai,Santa Fe,2017,Red,35000,25000
897,Toyota,4Runner,2020,Silver,70000,18000
898,Honda,Odyssey,2017,White,55000,19000
899,Ford,Edge,2019,Blue,50000,17000
900,Chevrolet,Tahoe,2015,Black,45000,16000
901,Hyundai,Palisade,2016,Silver,40000,18000
902,Toyota,Sienna,2020,Red,35000,20000
903,Honda,Fit,2015,Gray,55000,19000
904,Ford,Fusion,2017,White,50000,23000
905,Chevrolet,Malibu,2019,Blue,40000,21000
906,Hyundai,Venue,2020,Silver,35000,24000
907,Toyota,Yaris,2016,Black,70000,20000
908,Honda,HR-V,2019,White,55000,22000
909,Ford,EcoSport,2020,Red,50000,24000
910,Chevrolet,Spark,2019,Blue,45000,23000
911,Hyundai,Accent,2019,Silver,40000,27000
912,Toyota,Prius,2018,Gray,35000,25000
913,Honda,Civic,2019,White,70000,28000
914,Ford,Fiesta,2016,Blue,55000,22000
915,Chevrolet,Cruze,2017,Black,50000,21000
916,Hyundai,Elantra,2019,Red,45000,26000
917,Toyota,Camry,2019,Silver,30000,29000
918,Honda,Accord,2020,White,35000,27000
919,Ford,Mustang,2015,Blue,55000,12000
920,Chevrolet,Camaro,2017,Red,50000,15000
921,Hyundai,Genesis,2020,Black,40000,17000
922,Toyota,Avalon,2019,Silver,60000,14000
923,Honda,Civic,2018,Gray,55000,12000
924,Ford,Fusion,2015,White,45000,18000
925,Chevrolet,Impala,2016,Blue,35000,16000
926,Hyundai,Sonata,2019,Red,55000,14000
927,Toyota,Corolla,2019,Silver,60000,12000
928,Honda,CR-V,2020,White,40000,15000
929,Ford,Escape,2018,Blue,25000,19000
930,Chevrolet,Equinox,2015,Black,30000,18000
931,Hyundai,Tucson,2019,Red,65000,22000
932,Toyota,Rav16,2020,Gray,55000,16000
933,Honda,Pilot,2020,White,50000,14000
934,Ford,Explorer,2020,Blue,55000,19000
935,Chevrolet,Traverse,2019,Black,30000,23000
936,Hyundai,Santa Fe,2020,Red,40000,21000
937,Toyota,4Runner,2017,Silver,45000,18000
938,Honda,Odyssey,2018,White,35000,20000
939,Ford,Edge,2018,Blue,60000,25000
940,Chevrolet,Tahoe,2020,Black,55000,24000
941,Hyundai,Palisade,2018,Silver,50000,23000
942,Toyota,Sienna,2020,Red,35000,28000
943,Honda,Fit,2019,Gray,40000,25000
944,Ford,Fusion,2020,White,70000,27000
945,Chevrolet,Malibu,2015,Blue,55000,22000
946,Hyundai,Venue,2018,Silver,50000,21000
947,Toyota,Yaris,2015,Black,45000,26000
948,Toyota,Camry,2017,White,30000,29000
949,Honda,Civic,2018,Blue,35000,27000
950,Toyota,Camry,2019,White,55000,12000
951,Honda,Civic,2016,Blue,50000,15000
952,Ford,Focus,2015,Silver,40000,17000
953,Chevrolet,Cruze,2019,Red,60000,14000
954,Hyundai,Elantra,2015,Black,55000,12000
955,Toyota,Corolla,2019,Gray,50000,15000
956,Honda,Accord,2015,White,40000,17000
957,Ford,Mustang,2020,Yellow,35000,14000
958,Chevrolet,Impala,2017,Black,70000,12000
959,Hyundai,Sonata,2020,Blue,55000,15000
960,Toyota,Rav17,2015,Gray,50000,17000
961,Honda,CR-V,2015,Red,40000,14000
962,Ford,Escape,2019,White,45000,16000
963,Chevrolet,Equinox,2017,Black,35000,18000
964,Hyundai,Kona,2018,Blue,60000,19000
965,Toyota,Highlander,2017,Silver,50000,18000
966,Honda,Pilot,2019,Gray,40000,22000
967,Ford,Explorer,2019,White,35000,25000
968,Chevrolet,Traverse,2018,Black,70000,18000
969,Hyundai,Santa Fe,2018,Red,55000,19000
970,Toyota,4Runner,2020,Silver,50000,17000
971,Honda,Odyssey,2017,White,45000,16000
972,Ford,Edge,2017,Blue,40000,18000
973,Chevrolet,Tahoe,2016,Black,35000,20000
974,Hyundai,Palisade,2017,Silver,55000,19000
975,Toyota,Sienna,2017,Red,50000,23000
976,Honda,Fit,2019,Gray,40000,21000
977,Ford,Fusion,2019,White,35000,24000
978,Chevrolet,Malibu,2018,Blue,70000,20000
979,Hyundai,Venue,2015,Silver,55000,22000
980,Toyota,Yaris,2019,Black,50000,24000
981,Honda,HR-V,2017,White,45000,23000
982,Ford,EcoSport,2015,Red,40000,27000
983,Chevrolet,Spark,2018,Blue,35000,25000
984,Hyundai,Accent,2020,Silver,70000,28000
985,Toyota,Prius,2019,Gray,55000,22000
986,Honda,Civic,2016,White,50000,21000
987,Ford,Fiesta,2017,Blue,45000,26000
988,Chevrolet,Cruze,2018,Black,30000,29000
989,Hyundai,Elantra,2019,Red,35000,27000
990,Toyota,Camry,2017,Silver,55000,12000
991,Honda,Accord,2019,White,50000,15000
992,Ford,Mustang,2016,Blue,40000,17000
993,Chevrolet,Camaro,2019,Red,60000,14000
994,Hyundai,Genesis,2019,Black,55000,12000
995,Toyota,Avalon,2016,Silver,45000,18000
996,Honda,Civic,2020,Gray,35000,16000
997,Ford,Fusion,2018,White,55000,14000
998,Chevrolet,Impala,2016,Blue,60000,12000
999,Hyundai,Sonata,2020,Red,40000,15000
1000,Toyota,Corolla,2017,Silver,25000,19000
1001,Honda,CR-V,2020,White,30000,18000
1002,Ford,Escape,2016,Blue,65000,22000
1003,Chevrolet,Equinox,2018,Black,55000,16000
1004,Hyundai,Tucson,2020,Red,50000,14000
1005,Toyota,Rav17,2016,Gray,55000,19000
1006,Honda,Pilot,2015,White,30000,23000
1007,Ford,Explorer,2017,Blue,40000,21000
1008,Chevrolet,Traverse,2018,Black,45000,18000
1009,Hyundai,Santa Fe,2017,Red,35000,20000
1010,Toyota,4Runner,2015,Silver,60000,25000
1011,Honda,Odyssey,2016,White,55000,24000
1012,Ford,Edge,2020,Blue,50000,23000
1013,Chevrolet,Tahoe,2020,Black,35000,28000
1014,Hyundai,Palisade,2017,Silver,40000,25000
1015,Toyota,Sienna,2016,Red,70000,27000
1016,Honda,Fit,2018,Gray,55000,22000
1017,Ford,Fusion,2016,White,50000,21000
1018,Chevrolet,Malibu,2019,Blue,45000,26000
1019,Hyundai,Venue,2017,Silver,30000,29000
1020,Toyota,Yaris,2017,Black,35000,27000
1021,Toyota,Camry,2019,White,55000,12000
1022,Honda,Civic,2020,Blue,50000,15000
1023,Toyota,Camry,2016,White,40000,17000
1024,Honda,Civic,2017,Blue,60000,14000
1025,Ford,Focus,2018,Silver,55000,12000
1026,Chevrolet,Cruze,2016,Red,50000,15000
1027,Hyundai,Elantra,2015,Black,40000,17000
1028,Toyota,Corolla,2015,Gray,35000,14000
1029,Honda,Accord,2017,White,70000,12000
1030,Ford,Mustang,2018,Yellow,55000,15000
1031,Chevrolet,Impala,2017,Black,50000,17000
1032,Hyundai,Sonata,2016,Blue,40000,14000
1033,Toyota,Rav18,2015,Gray,45000,16000
1034,Honda,CR-V,2015,Red,35000,18000
1035,Ford,Escape,2019,White,60000,19000
1036,Chevrolet,Equinox,2018,Black,50000,18000
1037,Hyundai,Kona,2015,Blue,40000,22000
1038,Toyota,Highlander,2020,Silver,35000,25000
1039,Honda,Pilot,2016,Gray,70000,18000
1040,Ford,Explorer,2017,White,55000,19000
1041,Chevrolet,Traverse,2018,Black,50000,17000
1042,Hyundai,Santa Fe,2019,Red,45000,16000
1043,Toyota,4Runner,2020,Silver,40000,18000
1044,Honda,Odyssey,2015,White,35000,20000
1045,Ford,Edge,2015,Blue,55000,19000
1046,Chevrolet,Tahoe,2015,Black,50000,23000
1047,Hyundai,Palisade,2016,Silver,40000,21000
1048,Toyota,Sienna,2015,Red,35000,24000
1049,Honda,Fit,2016,Gray,70000,20000
1050,Ford,Fusion,2016,White,55000,22000
1051,Chevrolet,Malibu,2017,Blue,50000,24000
1052,Hyundai,Venue,2019,Silver,45000,23000
1053,Toyota,Yaris,2019,Black,40000,27000
1054,Honda,HR-V,2019,White,35000,25000
1055,Ford,EcoSport,2016,Red,70000,28000
1056,Chevrolet,Spark,2016,Blue,55000,22000
1057,Hyundai,Accent,2015,Silver,50000,21000
1058,Toyota,Prius,2018,Gray,45000,26000
1059,Honda,Civic,2018,White,30000,29000
1060,Ford,Fiesta,2015,Blue,35000,27000
1061,Chevrolet,Cruze,2018,Black,55000,12000
1062,Hyundai,Elantra,2018,Red,50000,15000
1063,Toyota,Camry,2015,Silver,40000,17000
1064,Honda,Accord,2018,White,60000,14000
1065,Ford,Mustang,2016,Blue,55000,12000
1066,Chevrolet,Camaro,2015,Red,45000,18000
1067,Hyundai,Genesis,2019,Black,35000,16000
1068,Toyota,Avalon,2020,Silver,55000,14000
1069,Honda,Civic,2015,Gray,60000,12000
1070,Ford,Fusion,2017,White,40000,15000
1071,Chevrolet,Impala,2015,Blue,25000,19000
1072,Hyundai,Sonata,2017,Red,30000,18000
1073,Toyota,Corolla,2015,Silver,65000,22000
1074,Honda,CR-V,2019,White,55000,16000
1075,Ford,Escape,2017,Blue,50000,14000
1076,Chevrolet,Equinox,2019,Black,55000,19000
1077,Hyundai,Tucson,2019,Red,30000,23000
1078,Toyota,Rav18,2015,Gray,40000,21000
1079,Honda,Pilot,2020,White,45000,18000
1080,Ford,Explorer,2018,Blue,35000,20000
1081,Chevrolet,Traverse,2020,Black,60000,25000
1082,Hyundai,Santa Fe,2019,Red,55000,24000
1083,Toyota,4Runner,2017,Silver,50000,23000
1084,Honda,Odyssey,2016,White,35000,28000
1085,Ford,Edge,2020,Blue,40000,25000
1086,Chevrolet,Tahoe,2020,Black,70000,27000
1087,Hyundai,Palisade,2018,Silver,55000,22000
1088,Toyota,Sienna,2017,Red,50000,21000
1089,Honda,Fit,2019,Gray,45000,26000
1090,Ford,Fusion,2015,White,30000,29000
1091,Chevrolet,Malibu,2015,Blue,35000,27000
1092,Hyundai,Venue,2018,Silver,55000,12000
1093,Toyota,Yaris,2017,Black,50000,15000
1094,Toyota,Camry,2020,White,40000,17000
1095,Honda,Civic,2015,Blue,60000,14000
1096,Toyota,Camry,2018,White,55000,12000
1097,Honda,Civic,2020,Blue,50000,15000
1098,Ford,Focus,2019,Silver,40000,17000
1099,Chevrolet,Cruze,2017,Red,35000,14000
1100,Hyundai,Elantra,2018,Black,70000,12000
1101,Toyota,Corolla,2017,Gray,55000,15000
1102,Honda,Accord,2015,White,50000,17000
1103,Ford,Mustang,2019,Yellow,40000,14000
1104,Chevrolet,Impala,2016,Black,45000,16000
1105,Hyundai,Sonata,2019,Blue,35000,18000
1106,Toyota,Rav19,2018,Gray,60000,19000
1107,Honda,CR-V,2017,Red,50000,18000
1108,Ford,Escape,2020,White,40000,22000
1109,Chevrolet,Equinox,2019,Black,35000,25000
1110,Hyundai,Kona,2016,Blue,70000,18000
1111,Toyota,Highlander,2015,Silver,55000,19000
1112,Honda,Pilot,2015,Gray,50000,17000
1113,Ford,Explorer,2018,White,45000,16000
1114,Chevrolet,Traverse,2016,Black,40000,18000
1115,Hyundai,Santa Fe,2018,Red,35000,20000
1116,Toyota,4Runner,2016,Silver,55000,19000
1117,Honda,Odyssey,2015,White,50000,23000
1118,Ford,Edge,2017,Blue,40000,21000
1119,Chevrolet,Tahoe,2019,Black,35000,24000
1120,Hyundai,Palisade,2018,Silver,70000,20000
1121,Toyota,Sienna,2018,Red,55000,22000
1122,Honda,Fit,2019,Gray,50000,24000
1123,Ford,Fusion,2016,White,45000,23000
1124,Chevrolet,Malibu,2015,Blue,40000,27000
1125,Hyundai,Venue,2018,Silver,35000,25000
1126,Toyota,Yaris,2017,Black,70000,28000
1127,Honda,HR-V,2015,White,55000,22000
1128,Ford,EcoSport,2017,Red,50000,21000
1129,Chevrolet,Spark,2017,Blue,45000,26000
1130,Hyundai,Accent,2016,Silver,30000,29000
1131,Toyota,Prius,2017,Gray,35000,27000
1132,Honda,Civic,2019,White,55000,12000
1133,Ford,Fiesta,2019,Blue,50000,15000
1134,Chevrolet,Cruze,2016,Black,40000,17000
1135,Hyundai,Elantra,2020,Red,60000,14000
1136,Toyota,Camry,2018,Silver,55000,12000
1137,Honda,Accord,2017,White,45000,18000
1138,Ford,Mustang,2016,Blue,35000,16000
1139,Chevrolet,Camaro,2019,Red,55000,14000
1140,Hyundai,Genesis,2018,Black,60000,12000
1141,Toyota,Avalon,2017,Silver,40000,15000
1142,Honda,Civic,2016,Gray,25000,19000
1143,Ford,Fusion,2017,White,30000,18000
1144,Chevrolet,Impala,2019,Blue,65000,22000
1145,Hyundai,Sonata,2018,Red,55000,16000
1146,Toyota,Corolla,2020,Silver,50000,14000
1147,Honda,CR-V,2020,White,55000,19000
1148,Ford,Escape,2018,Blue,30000,23000
1149,Chevrolet,Equinox,2015,Black,40000,21000
1150,Hyundai,Tucson,2019,Red,45000,18000
1151,Toyota,Rav19,2019,Gray,35000,20000
1152,Honda,Pilot,2018,White,60000,25000
1153,Ford,Explorer,2015,Blue,55000,24000
1154,Chevrolet,Traverse,2020,Black,50000,23000
1155,Hyundai,Santa Fe,2018,Red,35000,28000
1156,Toyota,4Runner,2017,Silver,40000,25000
1157,Honda,Odyssey,2015,White,70000,27000
1158,Ford,Edge,2020,Blue,55000,22000
1159,Chevrolet,Tahoe,2019,Black,50000,21000
1160,Hyundai,Palisade,2017,Silver,45000,26000
1161,Toyota,Sienna,2019,Red,30000,29000
1162,Honda,Fit,2015,Gray,35000,27000
1163,Ford,Fusion,2016,White,55000,12000
1164,Chevrolet,Malibu,2016,Blue,50000,15000
1165,Hyundai,Venue,2017,Silver,40000,17000
1166,Toyota,Yaris,2016,Black,60000,14000
1167,Toyota,Camry,2016,White,55000,12000
1168,Honda,Civic,2020,Blue,50000,15000
1169,Toyota,Camry,2019,White,40000,17000
1170,Honda,Civic,2016,Blue,35000,14000
1171,Ford,Focus,2017,Silver,70000,12000
1172,Chevrolet,Cruze,2020,Red,55000,15000
1173,Hyundai,Elantra,2016,Black,50000,17000
1174,Toyota,Corolla,2019,Gray,40000,14000
1175,Honda,Accord,2015,White,45000,16000
1176,Ford,Mustang,2018,Yellow,35000,18000
1177,Chevrolet,Impala,2015,Black,60000,19000
1178,Hyundai,Sonata,2018,Blue,50000,18000
1179,Toyota,Rav20,2020,Gray,40000,22000
1180,Honda,CR-V,2016,Red,35000,25000
1181,Ford,Escape,2015,White,70000,18000
1182,Chevrolet,Equinox,2020,Black,55000,19000
1183,Hyundai,Kona,2016,Blue,50000,17000
1184,Toyota,Highlander,2017,Silver,45000,16000
1185,Honda,Pilot,2019,Gray,40000,18000
1186,Ford,Explorer,2017,White,35000,20000
1187,Chevrolet,Traverse,2019,Black,55000,19000
1188,Hyundai,Santa Fe,2019,Red,50000,23000
1189,Toyota,4Runner,2020,Silver,40000,21000
1190,Honda,Odyssey,2015,White,35000,24000
1191,Ford,Edge,2018,Blue,70000,20000
1192,Chevrolet,Tahoe,2017,Black,55000,22000
1193,Hyundai,Palisade,2016,Silver,50000,24000
1194,Toyota,Sienna,2020,Red,45000,23000
1195,Honda,Fit,2019,Gray,40000,27000
1196,Ford,Fusion,2015,White,35000,25000
1197,Chevrolet,Malibu,2017,Blue,70000,28000
1198,Hyundai,Venue,2018,Silver,55000,22000
1199,Toyota,Yaris,2016,Black,50000,21000
1200,Honda,HR-V,2019,White,45000,26000
1201,Ford,EcoSport,2020,Red,30000,29000
1202,Chevrolet,Spark,2017,Blue,35000,27000
1203,Hyundai,Accent,2017,Silver,55000,12000
1204,Toyota,Prius,2020,Gray,50000,15000
1205,Honda,Civic,2018,White,40000,17000
1206,Ford,Fiesta,2015,Blue,60000,14000
1207,Chevrolet,Cruze,2020,Black,55000,12000
1208,Hyundai,Elantra,2017,Red,45000,18000
1209,Toyota,Camry,2016,Silver,35000,16000
1210,Honda,Accord,2016,White,55000,14000
1211,Ford,Mustang,2020,Blue,60000,12000
1212,Chevrolet,Camaro,2020,Red,40000,15000
1213,Hyundai,Genesis,2020,Black,25000,19000
1214,Toyota,Avalon,2016,Silver,30000,18000
1215,Honda,Civic,2016,Gray,65000,22000
1216,Ford,Fusion,2018,White,55000,16000
1217,Chevrolet,Impala,2018,Blue,50000,14000
1218,Hyundai,Sonata,2017,Red,55000,19000
1219,Toyota,Corolla,2018,Silver,30000,23000
1220,Honda,CR-V,2018,White,40000,21000
1221,Ford,Escape,2017,Blue,45000,18000
1222,Chevrolet,Equinox,2018,Black,35000,20000
1223,Hyundai,Tucson,2017,Red,60000,25000
1224,Toyota,Rav20,2015,Gray,55000,24000
1225,Honda,Pilot,2018,White,50000,23000
1226,Ford,Explorer,2015,Blue,35000,28000
1227,Chevrolet,Traverse,2020,Black,40000,25000
1228,Hyundai,Santa Fe,2020,Red,70000,27000
1229,Toyota,4Runner,2017,Silver,55000,22000
1230,Honda,Odyssey,2017,White,50000,21000
1231,Ford,Edge,2018,Blue,45000,26000
1232,Chevrolet,Tahoe,2019,Black,30000,29000
1233,Hyundai,Palisade,2019,Silver,35000,27000
1234,Toyota,Sienna,2016,Red,55000,12000
1235,Honda,Fit,2015,Gray,50000,15000
1236,Ford,Fusion,2020,White,40000,17000
1237,Chevrolet,Malibu,2015,Blue,60000,14000
1238,Hyundai,Venue,2017,Silver,55000,12000
1239,Toyota,Yaris,2018,Black,50000,15000
1240,Toyota,Camry,2017,White,40000,17000
1241,Honda,Civic,2020,Blue,35000,14000
1242,Toyota,Camry,2020,White,70000,12000
1243,Honda,Civic,2018,Blue,55000,15000
1244,Ford,Focus,2018,Silver,50000,17000
1245,Chevrolet,Cruze,2020,Red,40000,14000
1246,Hyundai,Elantra,2020,Black,45000,16000
1247,Toyota,Corolla,2015,Gray,35000,18000
1248,Honda,Accord,2017,White,60000,19000
1249,Ford,Mustang,2015,Yellow,50000,18000
1250,Chevrolet,Impala,2018,Black,40000,22000
1251,Hyundai,Sonata,2017,Blue,35000,25000
1252,Toyota,Rav21,2019,Gray,70000,18000
1253,Honda,CR-V,2018,Red,55000,19000
1254,Ford,Escape,2016,White,50000,17000
1255,Chevrolet,Equinox,2015,Black,45000,16000
1256,Hyundai,Kona,2017,Blue,40000,18000
1257,Toyota,Highlander,2017,Silver,35000,20000
1258,Honda,Pilot,2017,Gray,55000,19000
1259,Ford,Explorer,2016,White,50000,23000
1260,Chevrolet,Traverse,2015,Black,40000,21000
1261,Hyundai,Santa Fe,2018,Red,35000,24000
1262,Toyota,4Runner,2016,Silver,70000,20000
1263,Honda,Odyssey,2020,White,55000,22000
1264,Ford,Edge,2018,Blue,50000,24000
1265,Chevrolet,Tahoe,2015,Black,45000,23000
1266,Hyundai,Palisade,2019,Silver,40000,27000
1267,Toyota,Sienna,2018,Red,35000,25000
1268,Honda,Fit,2016,Gray,70000,28000
1269,Ford,Fusion,2018,White,55000,22000
1270,Chevrolet,Malibu,2019,Blue,50000,21000
1271,Hyundai,Venue,2020,Silver,45000,26000
1272,Toyota,Yaris,2015,Black,30000,29000
1273,Honda,HR-V,2020,White,35000,27000
1274,Ford,EcoSport,2017,Red,55000,12000
1275,Chevrolet,Spark,2015,Blue,50000,15000
1276,Hyundai,Accent,2018,Silver,40000,17000
1277,Toyota,Prius,2016,Gray,60000,14000
1278,Honda,Civic,2016,White,55000,12000
1279,Ford,Fiesta,2018,Blue,45000,18000
1280,Chevrolet,Cruze,2016,Black,35000,16000
1281,Hyundai,Elantra,2016,Red,55000,14000
1282,Toyota,Camry,2015,Silver,60000,12000
1283,Honda,Accord,2018,White,40000,15000
1284,Ford,Mustang,2015,Blue,25000,19000
1285,Chevrolet,Camaro,2015,Red,30000,18000
1286,Hyundai,Genesis,2019,Black,65000,22000
1287,Toyota,Avalon,2020,Silver,55000,16000
1288,Honda,Civic,2019,Gray,50000,14000
1289,Ford,Fusion,2015,White,55000,19000
1290,Chevrolet,Impala,2019,Blue,30000,23000
1291,Hyundai,Sonata,2018,Red,40000,21000
1292,Toyota,Corolla,2018,Silver,45000,18000
1293,Honda,CR-V,2019,White,35000,20000
1294,Ford,Escape,2020,Blue,60000,25000
1295,Chevrolet,Equinox,2020,Black,55000,24000
1296,Hyundai,Tucson,2019,Red,50000,23000
1297,Toyota,Rav21,2019,Gray,35000,28000
1298,Honda,Pilot,2015,White,40000,25000
1299,Ford,Explorer,2016,Blue,70000,27000
1300,Chevrolet,Traverse,2020,Black,55000,22000
1301,Hyundai,Santa Fe,2018,Red,50000,21000
1302,Toyota,4Runner,2015,Silver,45000,26000
1303,Honda,Odyssey,2015,White,30000,29000
1304,Ford,Edge,2015,Blue,35000,27000
1305,Chevrolet,Tahoe,2020,Black,55000,12000
1306,Hyundai,Palisade,2018,Silver,50000,15000
1307,Toyota,Sienna,2019,Red,40000,17000
1308,Honda,Fit,2018,Gray,60000,14000
1309,Ford,Fusion,2019,White,55000,12000
1310,Chevrolet,Malibu,2017,Blue,50000,15000
1311,Hyundai,Venue,2020,Silver,40000,17000
1312,Toyota,Yaris,2019,Black,35000,14000
1313,Toyota,Camry,2015,White,70000,12000
1314,Honda,Civic,2019,Blue,55000,15000
1315,Toyota,Camry,2020,White,50000,17000
1316,Honda,Civic,2015,Blue,40000,14000
1317,Ford,Focus,2017,Silver,45000,16000
1318,Chevrolet,Cruze,2018,Red,35000,18000
1319,Hyundai,Elantra,2019,Black,60000,19000
1320,Toyota,Corolla,2020,Gray,50000,18000
1321,Honda,Accord,2016,White,40000,22000
1322,Ford,Mustang,2016,Yellow,35000,25000
1323,Chevrolet,Impala,2020,Black,70000,18000
1324,Hyundai,Sonata,2015,Blue,55000,19000
1325,Toyota,Rav22,2015,Gray,50000,17000
1326,Honda,CR-V,2020,Red,45000,16000
1327,Ford,Escape,2018,White,40000,18000
1328,Chevrolet,Equinox,2017,Black,35000,20000
1329,Hyundai,Kona,2017,Blue,55000,19000
1330,Toyota,Highlander,2020,Silver,50000,23000
1331,Honda,Pilot,2015,Gray,40000,21000
1332,Ford,Explorer,2018,White,35000,24000
1333,Chevrolet,Traverse,2020,Black,70000,20000
1334,Hyundai,Santa Fe,2019,Red,55000,22000
1335,Toyota,4Runner,2015,Silver,50000,24000
1336,Honda,Odyssey,2016,White,45000,23000
1337,Ford,Edge,2019,Blue,40000,27000
1338,Chevrolet,Tahoe,2018,Black,35000,25000
1339,Hyundai,Palisade,2015,Silver,70000,28000
1340,Toyota,Sienna,2019,Red,55000,22000
1341,Honda,Fit,2016,Gray,50000,21000
1342,Ford,Fusion,2017,White,45000,26000
1343,Chevrolet,Malibu,2016,Blue,30000,29000
1344,Hyundai,Venue,2018,Silver,35000,27000
1345,Toyota,Yaris,2016,Black,55000,12000
1346,Honda,HR-V,2018,White,50000,15000
1347,Ford,EcoSport,2015,Red,40000,17000
1348,Chevrolet,Spark,2015,Blue,60000,14000
1349,Hyundai,Accent,2016,Silver,55000,12000
1350,Toyota,Prius,2018,Gray,45000,18000
1351,Honda,Civic,2015,White,35000,16000
1352,Ford,Fiesta,2017,Blue,55000,14000
1353,Chevrolet,Cruze,2020,Black,60000,12000
1354,Hyundai,Elantra,2017,Red,40000,15000
1355,Toyota,Camry,2018,Silver,25000,19000
1356,Honda,Accord,2018,White,30000,18000
1357,Ford,Mustang,2019,Blue,65000,22000
1358,Chevrolet,Camaro,2018,Red,55000,16000
1359,Hyundai,Genesis,2019,Black,50000,14000
1360,Toyota,Avalon,2016,Silver,55000,19000
1361,Honda,Civic,2015,Gray,30000,23000
1362,Ford,Fusion,2015,White,40000,21000
1363,Chevrolet,Impala,2017,Blue,45000,18000
1364,Hyundai,Sonata,2020,Red,35000,20000
1365,Toyota,Corolla,2017,Silver,60000,25000
1366,Honda,CR-V,2017,White,55000,24000
1367,Ford,Escape,2017,Blue,50000,23000
1368,Chevrolet,Equinox,2015,Black,35000,28000
1369,Hyundai,Tucson,2020,Red,40000,25000
1370,Toyota,Rav22,2019,Gray,70000,27000
1371,Honda,Pilot,2017,White,55000,22000
1372,Ford,Explorer,2016,Blue,50000,21000
1373,Chevrolet,Traverse,2018,Black,45000,26000
1374,Hyundai,Santa Fe,2018,Red,30000,29000
1375,Toyota,4Runner,2020,Silver,35000,27000
1376,Honda,Odyssey,2015,White,55000,12000
1377,Ford,Edge,2016,Blue,50000,15000
1378,Chevrolet,Tahoe,2016,Black,40000,17000
1379,Hyundai,Palisade,2018,Silver,60000,14000
1380,Toyota,Sienna,2015,Red,55000,12000
1381,Honda,Fit,2018,Gray,50000,15000
1382,Ford,Fusion,2020,White,40000,17000
1383,Chevrolet,Malibu,2017,Blue,35000,14000
1384,Hyundai,Venue,2020,Silver,70000,12000
1385,Toyota,Yaris,2018,Black,55000,15000
1386,Toyota,Camry,2020,White,50000,17000
1387,Honda,Civic,2016,Blue,40000,14000
1388,Toyota,Camry,2015,White,45000,16000
1389,Honda,Civic,2019,Blue,35000,18000
1390,Ford,Focus,2017,Silver,60000,19000
1391,Chevrolet,Cruze,2015,Red,50000,18000
1392,Hyundai,Elantra,2015,Black,40000,22000
1393,Toyota,Corolla,2019,Gray,35000,25000
1394,Honda,Accord,2018,White,70000,18000
1395,Ford,Mustang,2017,Yellow,55000,19000
1396,Chevrolet,Impala,2020,Black,50000,17000
1397,Hyundai,Sonata,2020,Blue,45000,16000
1398,Toyota,Rav23,2016,Gray,40000,18000
1399,Honda,CR-V,2019,Red,35000,20000
1400,Ford,Escape,2015,White,55000,19000
1401,Chevrolet,Equinox,2017,Black,50000,23000
1402,Hyundai,Kona,2019,Blue,40000,21000
1403,Toyota,Highlander,2020,Silver,35000,24000
1404,Honda,Pilot,2019,Gray,70000,20000
1405,Ford,Explorer,2016,White,55000,22000
1406,Chevrolet,Traverse,2017,Black,50000,24000
1407,Hyundai,Santa Fe,2015,Red,45000,23000
1408,Toyota,4Runner,2016,Silver,40000,27000
1409,Honda,Odyssey,2020,White,35000,25000
1410,Ford,Edge,2018,Blue,70000,28000
1411,Chevrolet,Tahoe,2020,Black,55000,22000
1412,Hyundai,Palisade,2016,Silver,50000,21000
1413,Toyota,Sienna,2017,Red,45000,26000
1414,Honda,Fit,2016,Gray,30000,29000
1415,Ford,Fusion,2015,White,35000,27000
1416,Chevrolet,Malibu,2016,Blue,55000,12000
1417,Hyundai,Venue,2020,Silver,50000,15000
1418,Toyota,Yaris,2019,Black,40000,17000
1419,Honda,HR-V,2018,White,60000,14000
1420,Ford,EcoSport,2020,Red,55000,12000
1421,Chevrolet,Spark,2015,Blue,45000,18000
1422,Hyundai,Accent,2019,Silver,35000,16000
1423,Toyota,Prius,2017,Gray,55000,14000
1424,Honda,Civic,2016,White,60000,12000
1425,Ford,Fiesta,2020,Blue,40000,15000
1426,Chevrolet,Cruze,2020,Black,25000,19000
1427,Hyundai,Elantra,2017,Red,30000,18000
1428,Toyota,Camry,2019,Silver,65000,22000
1429,Honda,Accord,2015,White,55000,16000
1430,Ford,Mustang,2019,Blue,50000,14000
1431,Chevrolet,Camaro,2018,Red,55000,19000
1432,Hyundai,Genesis,2019,Black,30000,23000
1433,Toyota,Avalon,2019,Silver,40000,21000
1434,Honda,Civic,2020,Gray,45000,18000
1435,Ford,Fusion,2018,White,35000,20000
1436,Chevrolet,Impala,2017,Blue,60000,25000
1437,Hyundai,Sonata,2019,Red,55000,24000
1438,Toyota,Corolla,2020,Silver,50000,23000
1439,Honda,CR-V,2015,White,35000,28000
1440,Ford,Escape,2020,Blue,40000,25000
1441,Chevrolet,Equinox,2020,Black,70000,27000
1442,Hyundai,Tucson,2018,Red,55000,22000
1443,Toyota,Rav23,2016,Gray,50000,21000
1444,Honda,Pilot,2019,White,45000,26000
1445,Ford,Explorer,2015,Blue,30000,29000
1446,Chevrolet,Traverse,2017,Black,35000,27000
1447,Hyundai,Santa Fe,2017,Red,55000,12000
1448,Toyota,4Runner,2016,Silver,50000,15000
1449,Honda,Odyssey,2016,White,40000,17000
1450,Ford,Edge,2017,Blue,60000,14000
1451,Chevrolet,Tahoe,2020,Black,55000,12000
1452,Hyundai,Palisade,2016,Silver,50000,15000
1453,Toyota,Sienna,2018,Red,40000,17000
1454,Honda,Fit,2018,Gray,35000,14000
1455,Ford,Fusion,2020,White,70000,12000
1456,Chevrolet,Malibu,2017,Blue,55000,15000
1457,Hyundai,Venue,2017,Silver,50000,17000
1458,Toyota,Yaris,2015,Black,40000,14000
1459,Toyota,Camry,2017,White,45000,16000
1460,Honda,Civic,2017,Blue,35000,18000
1461,Toyota,Camry,2015,White,60000,19000
1462,Honda,Civic,2016,Blue,50000,18000
1463,Ford,Focus,2018,Silver,40000,22000
1464,Chevrolet,Cruze,2019,Red,35000,25000
1465,Hyundai,Elantra,2020,Black,70000,18000
1466,Toyota,Corolla,2020,Gray,55000,19000
1467,Honda,Accord,2017,White,50000,17000
1468,Ford,Mustang,2016,Yellow,45000,16000
1469,Chevrolet,Impala,2018,Black,40000,18000
1470,Hyundai,Sonata,2016,Blue,35000,20000
1471,Toyota,Rav24,2016,Gray,55000,19000
1472,Honda,CR-V,2017,Red,50000,23000
1473,Ford,Escape,2017,White,40000,21000
1474,Chevrolet,Equinox,2019,Black,35000,24000
1475,Hyundai,Kona,2018,Blue,70000,20000
1476,Toyota,Highlander,2015,Silver,55000,22000
1477,Honda,Pilot,2015,Gray,50000,24000
1478,Ford,Explorer,2020,White,45000,23000
1479,Chevrolet,Traverse,2020,Black,40000,27000
1480,Hyundai,Santa Fe,2017,Red,35000,25000
1481,Toyota,4Runner,2018,Silver,70000,28000
1482,Honda,Odyssey,2017,White,55000,22000
1483,Ford,Edge,2015,Blue,50000,21000
1484,Chevrolet,Tahoe,2015,Black,45000,26000
1485,Hyundai,Palisade,2019,Silver,30000,29000
1486,Toyota,Sienna,2017,Red,35000,27000
1487,Honda,Fit,2017,Gray,55000,12000
1488,Ford,Fusion,2019,White,50000,15000
1489,Chevrolet,Malibu,2016,Blue,40000,17000
1490,Hyundai,Venue,2015,Silver,60000,14000
1491,Toyota,Yaris,2015,Black,55000,12000
1492,Honda,HR-V,2018,White,45000,18000
1493,Ford,EcoSport,2016,Red,35000,16000
1494,Chevrolet,Spark,2018,Blue,55000,14000
1495,Hyundai,Accent,2018,Silver,60000,12000
1496,Toyota,Prius,2020,Gray,40000,15000
1497,Honda,Civic,2018,White,25000,19000
1498,Ford,Fiesta,2017,Blue,30000,18000
1499,Chevrolet,Cruze,2018,Black,65000,22000
1500,Hyundai,Elantra,2018,Red,55000,16000
1501,Toyota,Camry,2018,Silver,50000,14000
1502,Honda,Accord,2015,White,55000,19000
1503,Ford,Mustang,2015,Blue,30000,23000
1504,Chevrolet,Camaro,2019,Red,40000,21000
1505,Hyundai,Genesis,2016,Black,45000,18000
1506,Toyota,Avalon,2018,Silver,35000,20000
1507,Honda,Civic,2015,Gray,60000,25000
1508,Ford,Fusion,2019,White,55000,24000
1509,Chevrolet,Impala,2017,Blue,50000,23000
1510,Hyundai,Sonata,2015,Red,35000,28000
1511,Toyota,Corolla,2019,Silver,40000,25000
1512,Honda,CR-V,2017,White,70000,27000
1513,Ford,Escape,2018,Blue,55000,22000
1514,Chevrolet,Equinox,2019,Black,50000,21000
1515,Hyundai,Tucson,2018,Red,45000,26000
1516,Toyota,Rav24,2017,Gray,30000,29000
1517,Honda,Pilot,2018,White,35000,27000
1518,Ford,Explorer,2016,Blue,55000,12000
1519,Chevrolet,Traverse,2020,Black,50000,15000
1520,Hyundai,Santa Fe,2017,Red,40000,17000
1521,Toyota,4Runner,2020,Silver,60000,14000
1522,Honda,Odyssey,2017,White,55000,12000
1523,Ford,Edge,2015,Blue,50000,15000
1524,Chevrolet,Tahoe,2017,Black,40000,17000
1525,Hyundai,Palisade,2019,Silver,35000,14000
1526,Toyota,Sienna,2017,Red,70000,12000
1527,Honda,Fit,2017,Gray,55000,15000
1528,Ford,Fusion,2020,White,50000,17000
1529,Chevrolet,Malibu,2019,Blue,40000,14000
1530,Hyundai,Venue,2018,Silver,45000,16000
1531,Toyota,Yaris,2019,Black,35000,18000
1532,Toyota,Camry,2016,White,60000,19000
1533,Honda,Civic,2017,Blue,50000,18000
1534,Toyota,Camry,2019,White,40000,22000
1535,Honda,Civic,2015,Blue,35000,25000
1536,Ford,Focus,2019,Silver,70000,18000
1537,Chevrolet,Cruze,2020,Red,55000,19000
1538,Hyundai,Elantra,2020,Black,50000,17000
1539,Toyota,Corolla,2015,Gray,45000,16000
1540,Honda,Accord,2015,White,40000,18000
1541,Ford,Mustang,2020,Yellow,35000,20000
1542,Chevrolet,Impala,2016,Black,55000,19000
1543,Hyundai,Sonata,2017,Blue,50000,23000
1544,Toyota,Rav25,2017,Gray,40000,21000
1545,Honda,CR-V,2020,Red,35000,24000
1546,Ford,Escape,2016,White,70000,20000
1547,Chevrolet,Equinox,2019,Black,55000,22000
1548,Hyundai,Kona,2015,Blue,50000,24000
1549,Toyota,Highlander,2016,Silver,45000,23000
1550,Honda,Pilot,2016,Gray,40000,27000
1551,Ford,Explorer,2020,White,35000,25000
1552,Chevrolet,Traverse,2020,Black,70000,28000
1553,Hyundai,Santa Fe,2016,Red,55000,22000
1554,Toyota,4Runner,2020,Silver,50000,21000
1555,Honda,Odyssey,2018,White,45000,26000
1556,Ford,Edge,2019,Blue,30000,29000
1557,Chevrolet,Tahoe,2016,Black,35000,27000
1558,Hyundai,Palisade,2018,Silver,55000,12000
1559,Toyota,Sienna,2017,Red,50000,15000
1560,Honda,Fit,2020,Gray,40000,17000
1561,Ford,Fusion,2016,White,60000,14000
1562,Chevrolet,Malibu,2019,Blue,55000,12000
1563,Hyundai,Venue,2019,Silver,45000,18000
1564,Toyota,Yaris,2019,Black,35000,16000
1565,Honda,HR-V,2017,White,55000,14000
1566,Ford,EcoSport,2017,Red,60000,12000
1567,Chevrolet,Spark,2017,Blue,40000,15000
1568,Hyundai,Accent,2016,Silver,25000,19000
1569,Toyota,Prius,2017,Gray,30000,18000
1570,Honda,Civic,2016,White,65000,22000
1571,Ford,Fiesta,2017,Blue,55000,16000
1572,Chevrolet,Cruze,2020,Black,50000,14000
1573,Hyundai,Elantra,2020,Red,55000,19000
1574,Toyota,Camry,2018,Silver,30000,23000
1575,Honda,Accord,2016,White,40000,21000
1576,Ford,Mustang,2017,Blue,45000,18000
1577,Chevrolet,Camaro,2015,Red,35000,20000
1578,Hyundai,Genesis,2016,Black,60000,25000
1579,Toyota,Avalon,2018,Silver,55000,24000
1580,Honda,Civic,2016,Gray,50000,23000
1581,Ford,Fusion,2019,White,35000,28000
1582,Chevrolet,Impala,2017,Blue,40000,25000
1583,Hyundai,Sonata,2019,Red,70000,27000
1584,Toyota,Corolla,2016,Silver,55000,22000
1585,Honda,CR-V,2017,White,50000,21000
1586,Ford,Escape,2015,Blue,45000,26000
1587,Chevrolet,Equinox,2019,Black,30000,29000
1588,Hyundai,Tucson,2015,Red,35000,27000
1589,Toyota,Rav25,2015,Gray,55000,12000
1590,Honda,Pilot,2020,White,50000,15000
1591,Ford,Explorer,2016,Blue,40000,17000
1592,Chevrolet,Traverse,2016,Black,60000,14000
1593,Hyundai,Santa Fe,2015,Red,55000,12000
1594,Toyota,4Runner,2015,Silver,50000,15000
1595,Honda,Odyssey,2015,White,40000,17000
1596,Ford,Edge,2017,Blue,35000,14000
1597,Chevrolet,Tahoe,2018,Black,70000,12000
1598,Hyundai,Palisade,2015,Silver,55000,15000
1599,Toyota,Sienna,2019,Red,50000,17000
1600,Honda,Fit,2017,Gray,40000,14000
1601,Ford,Fusion,2019,White,45000,16000
1602,Chevrolet,Malibu,2017,Blue,35000,18000
1603,Hyundai,Venue,2016,Silver,60000,19000
1604,Toyota,Yaris,2018,Black,50000,18000
1605,Toyota,Camry,2020,White,40000,22000
1606,Honda,Civic,2017,Blue,35000,25000
1607,Toyota,Camry,2017,White,70000,18000
1608,Honda,Civic,2017,Blue,55000,19000
1609,Ford,Focus,2020,Silver,50000,17000
1610,Chevrolet,Cruze,2020,Red,45000,16000
1611,Hyundai,Elantra,2018,Black,40000,18000
1612,Toyota,Corolla,2020,Gray,35000,20000
1613,Honda,Accord,2017,White,55000,19000
1614,Ford,Mustang,2016,Yellow,50000,23000
1615,Chevrolet,Impala,2015,Black,40000,21000
1616,Hyundai,Sonata,2016,Blue,35000,24000
1617,Toyota,Rav26,2017,Gray,70000,20000
1618,Honda,CR-V,2016,Red,55000,22000
1619,Ford,Escape,2018,White,50000,24000
1620,Chevrolet,Equinox,2016,Black,45000,23000
1621,Hyundai,Kona,2015,Blue,40000,27000
1622,Toyota,Highlander,2018,Silver,35000,25000
1623,Honda,Pilot,2020,Gray,70000,28000
1624,Ford,Explorer,2016,White,55000,22000
1625,Chevrolet,Traverse,2020,Black,50000,21000
1626,Hyundai,Santa Fe,2017,Red,45000,26000
1627,Toyota,4Runner,2018,Silver,30000,29000
1628,Honda,Odyssey,2020,White,35000,27000
1629,Ford,Edge,2020,Blue,55000,12000
1630,Chevrolet,Tahoe,2017,Black,50000,15000
1631,Hyundai,Palisade,2016,Silver,40000,17000
1632,Toyota,Sienna,2020,Red,60000,14000
1633,Honda,Fit,2020,Gray,55000,12000
1634,Ford,Fusion,2017,White,45000,18000
1635,Chevrolet,Malibu,2018,Blue,35000,16000
1636,Hyundai,Venue,2019,Silver,55000,14000
1637,Toyota,Yaris,2018,Black,60000,12000
1638,Honda,HR-V,2019,White,40000,15000
1639,Ford,EcoSport,2018,Red,25000,19000
1640,Chevrolet,Spark,2015,Blue,30000,18000
1641,Hyundai,Accent,2016,Silver,65000,22000
1642,Toyota,Prius,2017,Gray,55000,16000
1643,Honda,Civic,2016,White,50000,14000
1644,Ford,Fiesta,2020,Blue,55000,19000
1645,Chevrolet,Cruze,2015,Black,30000,23000
1646,Hyundai,Elantra,2016,Red,40000,21000
1647,Toyota,Camry,2017,Silver,45000,18000
1648,Honda,Accord,2019,White,35000,20000
1649,Ford,Mustang,2018,Blue,60000,25000
1650,Chevrolet,Camaro,2019,Red,55000,24000
1651,Hyundai,Genesis,2018,Black,50000,23000
1652,Toyota,Avalon,2015,Silver,35000,28000
1653,Honda,Civic,2017,Gray,40000,25000
1654,Ford,Fusion,2016,White,70000,27000
1655,Chevrolet,Impala,2015,Blue,55000,22000
1656,Hyundai,Sonata,2016,Red,50000,21000
1657,Toyota,Corolla,2017,Silver,45000,26000
1658,Honda,CR-V,2016,White,30000,29000
1659,Ford,Escape,2017,Blue,35000,27000
1660,Chevrolet,Equinox,2019,Black,55000,12000
1661,Hyundai,Tucson,2018,Red,50000,15000
1662,Toyota,Rav26,2020,Gray,40000,17000
1663,Honda,Pilot,2016,White,60000,14000
1664,Ford,Explorer,2020,Blue,55000,12000
1665,Chevrolet,Traverse,2018,Black,50000,15000
1666,Hyundai,Santa Fe,2016,Red,40000,17000
1667,Toyota,4Runner,2020,Silver,35000,14000
1668,Honda,Odyssey,2019,White,70000,12000
1669,Ford,Edge,2015,Blue,55000,15000
1670,Chevrolet,Tahoe,2018,Black,50000,17000
1671,Hyundai,Palisade,2017,Silver,40000,14000
1672,Toyota,Sienna,2017,Red,45000,16000
1673,Honda,Fit,2015,Gray,35000,18000
1674,Ford,Fusion,2018,White,60000,19000
1675,Chevrolet,Malibu,2016,Blue,50000,18000
1676,Hyundai,Venue,2019,Silver,40000,22000
1677,Toyota,Yaris,2018,Black,35000,25000
1678,Toyota,Camry,2017,White,70000,18000
1679,Honda,Civic,2019,Blue,55000,19000
1680,Toyota,Camry,2016,White,50000,17000
1681,Honda,Civic,2020,Blue,45000,16000
1682,Ford,Focus,2016,Silver,40000,18000
1683,Chevrolet,Cruze,2017,Red,35000,20000
1684,Hyundai,Elantra,2016,Black,55000,19000
1685,Toyota,Corolla,2017,Gray,50000,23000
1686,Honda,Accord,2019,White,40000,21000
1687,Ford,Mustang,2016,Yellow,35000,24000
1688,Chevrolet,Impala,2017,Black,70000,20000
1689,Hyundai,Sonata,2017,Blue,55000,22000
1690,Toyota,Rav27,2018,Gray,50000,24000
1691,Honda,CR-V,2017,Red,45000,23000
1692,Ford,Escape,2018,White,40000,27000
1693,Chevrolet,Equinox,2017,Black,35000,25000
1694,Hyundai,Kona,2018,Blue,70000,28000
1695,Toyota,Highlander,2017,Silver,55000,22000
1696,Honda,Pilot,2020,Gray,50000,21000
1697,Ford,Explorer,2015,White,45000,26000
1698,Chevrolet,Traverse,2015,Black,30000,29000
1699,Hyundai,Santa Fe,2019,Red,35000,27000
1700,Toyota,4Runner,2018,Silver,55000,12000
1701,Honda,Odyssey,2017,White,50000,15000
1702,Ford,Edge,2016,Blue,40000,17000
1703,Chevrolet,Tahoe,2019,Black,60000,14000
1704,Hyundai,Palisade,2015,Silver,55000,12000
1705,Toyota,Sienna,2017,Red,45000,18000
1706,Honda,Fit,2018,Gray,35000,16000
1707,Ford,Fusion,2019,White,55000,14000
1708,Chevrolet,Malibu,2017,Blue,60000,12000
1709,Hyundai,Venue,2019,Silver,40000,15000
1710,Toyota,Yaris,2019,Black,25000,19000
1711,Honda,HR-V,2016,White,30000,18000
1712,Ford,EcoSport,2016,Red,65000,22000
1713,Chevrolet,Spark,2017,Blue,55000,16000
1714,Hyundai,Accent,2016,Silver,50000,14000
1715,Toyota,Prius,2015,Gray,55000,19000
1716,Honda,Civic,2019,White,30000,23000
1717,Ford,Fiesta,2019,Blue,40000,21000
1718,Chevrolet,Cruze,2020,Black,45000,18000
1719,Hyundai,Elantra,2020,Red,35000,20000
1720,Toyota,Camry,2016,Silver,60000,25000
1721,Honda,Accord,2015,White,55000,24000
1722,Ford,Mustang,2019,Blue,50000,23000
1723,Chevrolet,Camaro,2015,Red,35000,28000
1724,Hyundai,Genesis,2019,Black,40000,25000
1725,Toyota,Avalon,2019,Silver,70000,27000
1726,Honda,Civic,2017,Gray,55000,22000
1727,Ford,Fusion,2016,White,50000,21000
1728,Chevrolet,Impala,2016,Blue,45000,26000
1729,Hyundai,Sonata,2019,Red,30000,29000
1730,Toyota,Corolla,2016,Silver,35000,27000
1731,Honda,CR-V,2020,White,55000,12000
1732,Ford,Escape,2015,Blue,50000,15000
1733,Chevrolet,Equinox,2015,Black,40000,17000
1734,Hyundai,Tucson,2015,Red,60000,14000
1735,Toyota,Rav27,2017,Gray,55000,12000
1736,Honda,Pilot,2019,White,50000,15000
1737,Ford,Explorer,2017,Blue,40000,17000
1738,Chevrolet,Traverse,2017,Black,35000,14000
1739,Hyundai,Santa Fe,2019,Red,70000,12000
1740,Toyota,4Runner,2019,Silver,55000,15000
1741,Honda,Odyssey,2020,White,50000,17000
1742,Ford,Edge,2016,Blue,40000,14000
1743,Chevrolet,Tahoe,2017,Black,45000,16000
1744,Hyundai,Palisade,2019,Silver,35000,18000
1745,Toyota,Sienna,2015,Red,60000,19000
1746,Honda,Fit,2019,Gray,50000,18000
1747,Ford,Fusion,2020,White,40000,22000
1748,Chevrolet,Malibu,2015,Blue,35000,25000
1749,Hyundai,Venue,2018,Silver,70000,18000
1750,Toyota,Yaris,2018,Black,55000,19000
1751,Toyota,Camry,2016,White,50000,17000
1752,Honda,Civic,2016,Blue,45000,16000
1753,Toyota,Camry,2019,White,40000,18000
1754,Honda,Civic,2020,Blue,35000,20000
1755,Ford,Focus,2019,Silver,55000,19000
1756,Chevrolet,Cruze,2016,Red,50000,23000
1757,Hyundai,Elantra,2016,Black,40000,21000
1758,Toyota,Corolla,2016,Gray,35000,24000
1759,Honda,Accord,2015,White,70000,20000
1760,Ford,Mustang,2019,Yellow,55000,22000
1761,Chevrolet,Impala,2015,Black,50000,24000
1762,Hyundai,Sonata,2019,Blue,45000,23000
1763,Toyota,Rav28,2015,Gray,40000,27000
1764,Honda,CR-V,2020,Red,35000,25000
1765,Ford,Escape,2020,White,70000,28000
1766,Chevrolet,Equinox,2015,Black,55000,22000
1767,Hyundai,Kona,2020,Blue,50000,21000
1768,Toyota,Highlander,2020,Silver,45000,26000
1769,Honda,Pilot,2015,Gray,30000,29000
1770,Ford,Explorer,2016,White,35000,27000
1771,Chevrolet,Traverse,2019,Black,55000,12000
1772,Hyundai,Santa Fe,2020,Red,50000,15000
1773,Toyota,4Runner,2015,Silver,40000,17000
1774,Honda,Odyssey,2016,White,60000,14000
1775,Ford,Edge,2016,Blue,55000,12000
1776,Chevrolet,Tahoe,2018,Black,45000,18000
1777,Hyundai,Palisade,2020,Silver,35000,16000
1778,Toyota,Sienna,2016,Red,55000,14000
1779,Honda,Fit,2016,Gray,60000,12000
1780,Ford,Fusion,2015,White,40000,15000
1781,Chevrolet,Malibu,2016,Blue,25000,19000
1782,Hyundai,Venue,2019,Silver,30000,18000
1783,Toyota,Yaris,2015,Black,65000,22000
1784,Honda,HR-V,2018,White,55000,16000
1785,Ford,EcoSport,2018,Red,50000,14000
1786,Chevrolet,Spark,2017,Blue,55000,19000
1787,Hyundai,Accent,2020,Silver,30000,23000
1788,Toyota,Prius,2016,Gray,40000,21000
1789,Honda,Civic,2017,White,45000,18000
1790,Ford,Fiesta,2016,Blue,35000,20000
1791,Chevrolet,Cruze,2020,Black,60000,25000
1792,Hyundai,Elantra,2017,Red,55000,24000
1793,Toyota,Camry,2019,Silver,50000,23000
1794,Honda,Accord,2016,White,35000,28000
1795,Ford,Mustang,2016,Blue,40000,25000
1796,Chevrolet,Camaro,2017,Red,70000,27000
1797,Hyundai,Genesis,2016,Black,55000,22000
1798,Toyota,Avalon,2016,Silver,50000,21000
1799,Honda,Civic,2015,Gray,45000,26000
1800,Ford,Fusion,2019,White,30000,29000
1801,Chevrolet,Impala,2016,Blue,35000,27000
1802,Hyundai,Sonata,2020,Red,55000,12000
1803,Toyota,Corolla,2016,Silver,50000,15000
1804,Honda,CR-V,2018,White,40000,17000
1805,Ford,Escape,2015,Blue,60000,14000
1806,Chevrolet,Equinox,2017,Black,55000,12000
1807,Hyundai,Tucson,2017,Red,50000,15000
1808,Toyota,Rav28,2017,Gray,40000,17000
1809,Honda,Pilot,2019,White,35000,14000
1810,Ford,Explorer,2015,Blue,70000,12000
1811,Chevrolet,Traverse,2016,Black,55000,15000
1812,Hyundai,Santa Fe,2020,Red,50000,17000
1813,Toyota,4Runner,2019,Silver,40000,14000
1814,Honda,Odyssey,2017,White,45000,16000
1815,Ford,Edge,2017,Blue,35000,18000
1816,Chevrolet,Tahoe,2015,Black,60000,19000
1817,Hyundai,Palisade,2020,Silver,50000,18000
1818,Toyota,Sienna,2019,Red,40000,22000
1819,Honda,Fit,2019,Gray,35000,25000
1820,Ford,Fusion,2018,White,70000,18000
1821,Chevrolet,Malibu,2015,Blue,55000,19000
1822,Hyundai,Venue,2017,Silver,50000,17000
1823,Toyota,Yaris,2018,Black,45000,16000
1824,Toyota,Camry,2015,White,40000,18000
1825,Honda,Civic,2016,Blue,35000,20000
1826,Toyota,Camry,2016,White,55000,19000
1827,Honda,Civic,2019,Blue,50000,23000
1828,Ford,Focus,2016,Silver,40000,21000
1829,Chevrolet,Cruze,2015,Red,35000,24000
1830,Hyundai,Elantra,2016,Black,70000,20000
1831,Toyota,Corolla,2015,Gray,55000,22000
1832,Honda,Accord,2017,White,50000,24000
1833,Ford,Mustang,2017,Yellow,45000,23000
1834,Chevrolet,Impala,2015,Black,40000,27000
1835,Hyundai,Sonata,2018,Blue,35000,25000
1836,Toyota,Rav29,2015,Gray,70000,28000
1837,Honda,CR-V,2015,Red,55000,22000
1838,Ford,Escape,2016,White,50000,21000
1839,Chevrolet,Equinox,2019,Black,45000,26000
1840,Hyundai,Kona,2016,Blue,30000,29000
1841,Toyota,Highlander,2017,Silver,35000,27000
1842,Honda,Pilot,2015,Gray,55000,12000
1843,Ford,Explorer,2016,White,50000,15000
1844,Chevrolet,Traverse,2019,Black,40000,17000
1845,Hyundai,Santa Fe,2015,Red,60000,14000
1846,Toyota,4Runner,2019,Silver,55000,12000
1847,Honda,Odyssey,2020,White,45000,18000
1848,Ford,Edge,2019,Blue,35000,16000
1849,Chevrolet,Tahoe,2017,Black,55000,14000
1850,Hyundai,Palisade,2016,Silver,60000,12000
1851,Toyota,Sienna,2019,Red,40000,15000
1852,Honda,Fit,2017,Gray,25000,19000
1853,Ford,Fusion,2020,White,30000,18000
1854,Chevrolet,Malibu,2018,Blue,65000,22000
1855,Hyundai,Venue,2016,Silver,55000,16000
1856,Toyota,Yaris,2017,Black,50000,14000
1857,Honda,HR-V,2016,White,55000,19000
1858,Ford,EcoSport,2020,Red,30000,23000
1859,Chevrolet,Spark,2016,Blue,40000,21000
1860,Hyundai,Accent,2016,Silver,45000,18000
1861,Toyota,Prius,2015,Gray,35000,20000
1862,Honda,Civic,2018,White,60000,25000
1863,Ford,Fiesta,2019,Blue,55000,24000
1864,Chevrolet,Cruze,2016,Black,50000,23000
1865,Hyundai,Elantra,2017,Red,35000,28000
1866,Toyota,Camry,2018,Silver,40000,25000
1867,Honda,Accord,2018,White,70000,27000
1868,Ford,Mustang,2019,Blue,55000,22000
1869,Chevrolet,Camaro,2017,Red,50000,21000
1870,Hyundai,Genesis,2017,Black,45000,26000
1871,Toyota,Avalon,2020,Silver,30000,29000
1872,Honda,Civic,2015,Gray,35000,27000
1873,Ford,Fusion,2020,White,55000,12000
1874,Chevrolet,Impala,2015,Blue,50000,15000
1875,Hyundai,Sonata,2017,Red,40000,17000
1876,Toyota,Corolla,2017,Silver,60000,14000
1877,Honda,CR-V,2020,White,55000,12000
1878,Ford,Escape,2015,Blue,50000,15000
1879,Chevrolet,Equinox,2017,Black,40000,17000
1880,Hyundai,Tucson,2020,Red,35000,14000
1881,Toyota,Rav29,2017,Gray,70000,12000
1882,Honda,Pilot,2017,White,55000,15000
1883,Ford,Explorer,2017,Blue,50000,17000
1884,Chevrolet,Traverse,2020,Black,40000,14000
1885,Hyundai,Santa Fe,2018,Red,45000,16000
1886,Toyota,4Runner,2015,Silver,35000,18000
1887,Honda,Odyssey,2019,White,60000,19000
1888,Ford,Edge,2017,Blue,50000,18000
1889,Chevrolet,Tahoe,2019,Black,40000,22000
1890,Hyundai,Palisade,2018,Silver,35000,25000
1891,Toyota,Sienna,2018,Red,70000,18000
1892,Honda,Fit,2016,Gray,55000,19000
1893,Ford,Fusion,2020,White,50000,17000
1894,Chevrolet,Malibu,2018,Blue,45000,16000
1895,Hyundai,Venue,2019,Silver,40000,18000
1896,Toyota,Yaris,2016,Black,35000,20000
1897,Toyota,Camry,2020,White,55000,19000
1898,Honda,Civic,2018,Blue,50000,23000
1899,Toyota,Camry,2018,White,40000,21000
1900,Honda,Civic,2017,Blue,35000,24000
1901,Ford,Focus,2019,Silver,70000,20000
1902,Chevrolet,Cruze,2016,Red,55000,22000
1903,Hyundai,Elantra,2015,Black,50000,24000
1904,Toyota,Corolla,2020,Gray,45000,23000
1905,Honda,Accord,2018,White,40000,27000
1906,Ford,Mustang,2016,Yellow,35000,25000
1907,Chevrolet,Impala,2015,Black,70000,28000
1908,Hyundai,Sonata,2020,Blue,55000,22000
1909,Toyota,Rav30,2016,Gray,50000,21000
1910,Honda,CR-V,2016,Red,45000,26000
1911,Ford,Escape,2015,White,30000,29000
1912,Chevrolet,Equinox,2016,Black,35000,27000
1913,Hyundai,Kona,2019,Blue,55000,12000
1914,Toyota,Highlander,2016,Silver,50000,15000
1915,Honda,Pilot,2015,Gray,40000,17000
1916,Ford,Explorer,2018,White,60000,14000
1917,Chevrolet,Traverse,2015,Black,55000,12000
1918,Hyundai,Santa Fe,2016,Red,45000,18000
1919,Toyota,4Runner,2016,Silver,35000,16000
1920,Honda,Odyssey,2015,White,55000,14000
1921,Ford,Edge,2019,Blue,60000,12000
1922,Chevrolet,Tahoe,2015,Black,40000,15000
1923,Hyundai,Palisade,2016,Silver,25000,19000
1924,Toyota,Sienna,2018,Red,30000,18000
1925,Honda,Fit,2020,Gray,65000,22000
1926,Ford,Fusion,2018,White,55000,16000
1927,Chevrolet,Malibu,2015,Blue,50000,14000
1928,Hyundai,Venue,2016,Silver,55000,19000
1929,Toyota,Yaris,2019,Black,30000,23000
1930,Honda,HR-V,2015,White,40000,21000
1931,Ford,EcoSport,2015,Red,45000,18000
1932,Chevrolet,Spark,2015,Blue,35000,20000
1933,Hyundai,Accent,2019,Silver,60000,25000
1934,Toyota,Prius,2018,Gray,55000,24000
1935,Honda,Civic,2020,White,50000,23000
1936,Ford,Fiesta,2018,Blue,35000,28000
1937,Chevrolet,Cruze,2018,Black,40000,25000
1938,Hyundai,Elantra,2018,Red,70000,27000
1939,Toyota,Camry,2018,Silver,55000,22000
1940,Honda,Accord,2015,White,50000,21000
1941,Ford,Mustang,2017,Blue,45000,26000
1942,Chevrolet,Camaro,2018,Red,30000,29000
1943,Hyundai,Genesis,2020,Black,35000,27000
1944,Toyota,Avalon,2016,Silver,55000,12000
1945,Honda,Civic,2017,Gray,50000,15000
1946,Ford,Fusion,2015,White,40000,17000
1947,Chevrolet,Impala,2019,Blue,60000,14000
1948,Hyundai,Sonata,2015,Red,55000,12000
1949,Toyota,Corolla,2016,Silver,50000,15000
1950,Honda,CR-V,2019,White,40000,17000
1951,Ford,Escape,2019,Blue,35000,14000
1952,Chevrolet,Equinox,2016,Black,70000,12000
1953,Hyundai,Tucson,2020,Red,55000,15000
1954,Toyota,Rav30,2018,Gray,50000,17000
1955,Honda,Pilot,2018,White,40000,14000
1956,Ford,Explorer,2019,Blue,45000,16000
1957,Chevrolet,Traverse,2017,Black,35000,18000
1958,Hyundai,Santa Fe,2019,Red,60000,19000
1959,Toyota,4Runner,2018,Silver,50000,18000
1960,Honda,Odyssey,2018,White,40000,22000
1961,Ford,Edge,2018,Blue,35000,25000
1962,Chevrolet,Tahoe,2020,Black,70000,18000
1963,Hyundai,Palisade,2020,Silver,55000,19000
1964,Toyota,Sienna,2016,Red,50000,17000
1965,Honda,Fit,2019,Gray,45000,16000
1966,Ford,Fusion,2018,White,40000,18000
1967,Chevrolet,Malibu,2018,Blue,35000,20000
1968,Hyundai,Venue,2016,Silver,55000,19000
1969,Toyota,Yaris,2017,Black,50000,23000
1970,Toyota,Camry,2017,White,40000,21000
1971,Honda,Civic,2020,Blue,35000,24000
1972,Toyota,Camry,2015,White,70000,20000
1973,Honda,Civic,2019,Blue,55000,22000
1974,Ford,Focus,2016,Silver,50000,24000
1975,Chevrolet,Cruze,2020,Red,45000,23000
1976,Hyundai,Elantra,2017,Black,40000,27000
1977,Toyota,Corolla,2018,Gray,35000,25000
1978,Honda,Accord,2018,White,70000,28000
1979,Ford,Mustang,2019,Yellow,55000,22000
1980,Chevrolet,Impala,2019,Black,50000,21000
1981,Hyundai,Sonata,2016,Blue,45000,26000
1982,Toyota,Rav31,2018,Gray,30000,29000
1983,Honda,CR-V,2016,Red,35000,27000
1984,Ford,Escape,2019,White,55000,12000
1985,Chevrolet,Equinox,2020,Black,50000,15000
1986,Hyundai,Kona,2019,Blue,40000,17000
1987,Toyota,Highlander,2017,Silver,60000,14000
1988,Honda,Pilot,2020,Gray,55000,12000
1989,Ford,Explorer,2016,White,45000,18000
1990,Chevrolet,Traverse,2018,Black,35000,16000
1991,Hyundai,Santa Fe,2016,Red,55000,14000
1992,Toyota,4Runner,2015,Silver,60000,12000
1993,Honda,Odyssey,2018,White,40000,15000
1994,Ford,Edge,2020,Blue,25000,19000
1995,Chevrolet,Tahoe,2020,Black,30000,18000
1996,Hyundai,Palisade,2019,Silver,65000,22000
1997,Toyota,Sienna,2018,Red,55000,16000
1998,Honda,Fit,2018,Gray,50000,14000
1999,Ford,Fusion,2017,White,55000,19000
2000,Chevrolet,Malibu,2016,Blue,30000,23000
